DELETE FROM TicketRows;
DELETE FROM Tickets;
DELETE FROM ClassSeats;
DELETE FROM Schedule;
DELETE FROM halltime;
DELETE FROM HallClass;
DELETE FROM Halls;
DELETE FROM Theater;
DELETE FROM Movies;
DELETE FROM Locations;

INSERT INTO Locations (LocationID, Name) VALUES (1, 'Pilani');
INSERT INTO Locations (LocationID, Name) VALUES (2, 'Delhi');
INSERT INTO Locations (LocationID, Name) VALUES (3, 'Kochi');
INSERT INTO Locations (LocationID, Name) VALUES (4, 'Jaipur');
--
INSERT INTO Movies (MovieID, Name, Rating) VALUES (1, 'The Shawnshank Redemption', 9.5);
INSERT INTO Movies (MovieID, Name, Rating) VALUES (2, 'The Godfather', 9.8);
INSERT INTO Movies (MovieID, Name, Rating) VALUES (3, 'Sholay', 8.8);
INSERT INTO Movies (MovieID, Name, Rating) VALUES (4, 'Lord of the Rings: Return of the Kings', 8.7);
INSERT INTO Movies (MovieID, Name, Rating) VALUES (5, 'The Hobbit', 7.9);
INSERT INTO Movies (MovieID, Name, Rating) VALUES (6, 'Dark Knight Returns', 8.6);
INSERT INTO Movies (MovieID, Name, Rating) VALUES (7, 'Dracula', 8.0);
INSERT INTO Movies (MovieID, Name, Rating) VALUES (8, 'It', 8.4);
--
INSERT INTO Theater (TheaterID, Name, LocationID) VALUES (1, 'Imax', 1);
INSERT INTO Theater (TheaterID, Name, LocationID) VALUES (2, 'Saritha', 3);
INSERT INTO theater (TheaterID, Name, LocationID) VALUES (3, 'Uphaar', 2);
INSERT INTO theater (TheaterID, Name, LocationID) VALUES (4, 'Rex', 3);
INSERT INTO theater (TheaterID, Name, LocationID) VALUES (5, 'Kohinoor', 3);
INSERT INTO theater (TheaterID, Name, LocationID) VALUES (6, 'Carnival', 3);
INSERT INTO theater (TheaterID, Name, LocationID) VALUES (7, 'Regal', 4);
INSERT INTO theater (TheaterID, Name, LocationID) VALUES (8, 'Minerva', 2);
--
INSERT INTO Halls (HallID, TheaterID, HallName) VALUES (1, 1, 'A1');
INSERT INTO Halls (HallID, TheaterID, HallName) VALUES (2, 1, 'A2');
INSERT INTO Halls (HallID, TheaterID, HallName) VALUES (3, 1, 'A3');
INSERT INTO Halls (HallID, TheaterID, HallName) VALUES (4, 1, 'A4');
INSERT INTO Halls (HallID, TheaterID, HallName) VALUES (5, 1, 'A5');
INSERT INTO Halls (HallID, TheaterID, HallName) VALUES (6, 2, 'Main');
INSERT INTO Halls (HallID, TheaterID, HallName) VALUES (7, 3, 'Jasmine');
INSERT INTO Halls (HallID, TheaterID, HallName) VALUES (8, 3, 'Rose');
INSERT INTO Halls (HallID, TheaterID, HallName) VALUES (9, 4, 'Ruby');
INSERT INTO Halls (HallID, TheaterID, HallName) VALUES (10, 4, 'Emerald');
INSERT INTO Halls (HallID, TheaterID, HallName) VALUES (11, 5, 'Sagar');
INSERT INTO Halls (HallID, TheaterID, HallName) VALUES (12, 5, 'Narmada');
INSERT INTO Halls (HallID, TheaterID, HallName) VALUES (13, 5, 'Ganga');
INSERT INTO Halls (HallID, TheaterID, HallName) VALUES (14, 5, 'Yamuna');
INSERT INTO Halls (HallID, TheaterID, HallName) VALUES (15, 6, 'Shah');
INSERT INTO Halls (HallID, TheaterID, HallName) VALUES (16, 6, 'Noor');
INSERT INTO Halls (HallID, TheaterID, HallName) VALUES (17, 6, 'Ashoka');
INSERT INTO Halls (HallID, TheaterID, HallName) VALUES (18, 7, 'Mumtaz');
INSERT INTO Halls (HallID, TheaterID, HallName) VALUES (19, 7, 'Zeb');
INSERT INTO Halls (HallID, TheaterID, HallName) VALUES (20, 7, 'Raj');
INSERT INTO Halls (HallID, TheaterID, HallName) VALUES (21, 7, 'Princess');
INSERT INTO Halls (HallID, TheaterID, HallName) VALUES (22, 8, 'Apollo');
INSERT INTO Halls (HallID, TheaterID, HallName) VALUES (23, 8, 'Calliope');
INSERT INTO Halls (HallID, TheaterID, HallName) VALUES (24, 8, 'Artemis');

INSERT INTO HallClass (HallClassID, HallID, ClassName, TicketPrice) VALUES (1, 1, 'Silver', 100);
INSERT INTO HallClass (HallClassID, HallID, ClassName, TicketPrice) VALUES (2, 1, 'Gold', 150);
INSERT INTO HallClass (HallClassID, HallID, ClassName, TicketPrice) VALUES (3, 1, 'Platinum', 200);
INSERT INTO HallClass (HallClassID, HallID, ClassName, TicketPrice) VALUES (4, 2, 'Silver', 100);
INSERT INTO HallClass (HallClassID, HallID, ClassName, TicketPrice) VALUES (5, 2, 'Gold', 170);
INSERT INTO HallClass (HallClassID, HallID, ClassName, TicketPrice) VALUES (6, 2, 'Platinum', 240);
INSERT INTO HallClass (HallClassID, HallID, ClassName, TicketPrice) VALUES (7, 2, 'VIP', 280);
INSERT INTO HallClass (HallClassID, HallID, ClassName, TicketPrice) VALUES (8, 3, 'Silver', 90);
INSERT INTO HallClass (HallClassID, HallID, ClassName, TicketPrice) VALUES (9, 3, 'Gold', 150);
INSERT INTO HallClass (HallClassID, HallID, ClassName, TicketPrice) VALUES (10, 3, 'Platinum', 180);
INSERT INTO HallClass (HallClassID, HallID, ClassName, TicketPrice) VALUES (11, 3, 'VIP', 270);
INSERT INTO HallClass (HallClassID, HallID, ClassName, TicketPrice) VALUES (12, 4, 'Silver', 120);
INSERT INTO HallClass (HallClassID, HallID, ClassName, TicketPrice) VALUES (13, 4, 'Gold', 150);
INSERT INTO HallClass (HallClassID, HallID, ClassName, TicketPrice) VALUES (14, 4, 'Platinum', 250);
INSERT INTO HallClass (HallClassID, HallID, ClassName, TicketPrice) VALUES (15, 4, 'VIP', 320);
INSERT INTO HallClass (HallClassID, HallID, ClassName, TicketPrice) VALUES (16, 5, 'Silver', 140);
INSERT INTO HallClass (HallClassID, HallID, ClassName, TicketPrice) VALUES (17, 5, 'Gold', 180);
INSERT INTO HallClass (HallClassID, HallID, ClassName, TicketPrice) VALUES (18, 5, 'Platinum', 200);
INSERT INTO HallClass (HallClassID, HallID, ClassName, TicketPrice) VALUES (19, 5, 'VIP', 240);
INSERT INTO HallClass (HallClassID, HallID, ClassName, TicketPrice) VALUES (20, 5, 'Special', 100);
INSERT INTO HallClass (HallClassID, HallID, ClassName, TicketPrice) VALUES (21, 6, 'AS1', 100);
INSERT INTO HallClass (HallClassID, HallID, ClassName, TicketPrice) VALUES (22, 7, 'BS21', 200);
INSERT INTO HallClass (HallClassID, HallID, ClassName, TicketPrice) VALUES (23, 8, 'X12', 60);
INSERT INTO HallClass (HallClassID, HallID, ClassName, TicketPrice) VALUES (24, 8, 'Y15', 130);
INSERT INTO HallClass (HallClassID, HallID, ClassName, TicketPrice) VALUES (25, 9, 'TR24', 200);
INSERT INTO HallClass (HallClassID, HallID, ClassName, TicketPrice) VALUES (26, 9, 'Balcony', 220);
INSERT INTO HallClass (HallClassID, HallID, ClassName, TicketPrice) VALUES (27, 10, 'Marco', 140);
INSERT INTO HallClass (HallClassID, HallID, ClassName, TicketPrice) VALUES (28, 10, 'Columbus', 170);
INSERT INTO HallClass (HallClassID, HallID, ClassName, TicketPrice) VALUES (29, 11, 'Special', 100);
INSERT INTO HallClass (HallClassID, HallID, ClassName, TicketPrice) VALUES (30, 12, 'Collective', 130);
INSERT INTO HallClass (HallClassID, HallID, ClassName, TicketPrice) VALUES (31, 13, 'Polo', 70);
INSERT INTO HallClass (HallClassID, HallID, ClassName, TicketPrice) VALUES (32, 13, 'Definitive', 110);
INSERT INTO HallClass (HallClassID, HallID, ClassName, TicketPrice) VALUES (33, 13, 'Fizz', 180);
INSERT INTO HallClass (HallClassID, HallID, ClassName, TicketPrice) VALUES (34, 14, 'France', 160);
INSERT INTO HallClass (HallClassID, HallID, ClassName, TicketPrice) VALUES (35, 14, 'Champagne', 180);
INSERT INTO HallClass (HallClassID, HallID, ClassName, TicketPrice) VALUES (36, 15, 'C1', 130);
INSERT INTO HallClass (HallClassID, HallID, ClassName, TicketPrice) VALUES (37, 15, 'C2', 160);
INSERT INTO HallClass (HallClassID, HallID, ClassName, TicketPrice) VALUES (38, 16, 'C1', 110);
INSERT INTO HallClass (HallClassID, HallID, ClassName, TicketPrice) VALUES (39, 16, 'C2', 130);
INSERT INTO HallClass (HallClassID, HallID, ClassName, TicketPrice) VALUES (40, 16, 'C3', 160);
INSERT INTO HallClass (HallClassID, HallID, ClassName, TicketPrice) VALUES (41, 17, 'D1', 140);
INSERT INTO HallClass (HallClassID, HallID, ClassName, TicketPrice) VALUES (42, 18, 'D1', 110);
INSERT INTO HallClass (HallClassID, HallID, ClassName, TicketPrice) VALUES (43, 19, 'D1', 140);
INSERT INTO HallClass (HallClassID, HallID, ClassName, TicketPrice) VALUES (44, 20, 'D1', 110);
INSERT INTO HallClass (HallClassID, HallID, ClassName, TicketPrice) VALUES (45, 21, 'D1', 140);
INSERT INTO HallClass (HallClassID, HallID, ClassName, TicketPrice) VALUES (46, 22, 'D1', 160);
INSERT INTO HallClass (HallClassID, HallID, ClassName, TicketPrice) VALUES (47, 23, 'D1', 110);
INSERT INTO HallClass (HallClassID, HallID, ClassName, TicketPrice) VALUES (48, 24, 'D1', 140);

--
INSERT INTO HallTime (HallTimeID, HallID, Timing) VALUES (1, 1, '12:40');
INSERT INTO HallTime (HallTimeID, HallID, Timing) VALUES (2, 1, '15:40');
INSERT INTO HallTime (HallTimeID, HallID, Timing) VALUES (3, 1, '18:30');
INSERT INTO HallTime (HallTimeID, HallID, Timing) VALUES (4, 1, '21:50');
INSERT INTO HallTime (HallTimeID, HallID, Timing) VALUES (5, 2, '12:40');
INSERT INTO HallTime (HallTimeID, HallID, Timing) VALUES (6, 2, '14:40');
INSERT INTO HallTime (HallTimeID, HallID, Timing) VALUES (7, 2, '18:10');
INSERT INTO HallTime (HallTimeID, HallID, Timing) VALUES (8, 2, '21:45');
INSERT INTO HallTime (HallTimeID, HallID, Timing) VALUES (9, 3, '16:40');
INSERT INTO HallTime (HallTimeID, HallID, Timing) VALUES (10, 3, '19:40');
INSERT INTO HallTime (HallTimeID, HallID, Timing) VALUES (11, 4, '12:40');
INSERT INTO HallTime (HallTimeID, HallID, Timing) VALUES (12, 4, '15:40');
INSERT INTO HallTime (HallTimeID, HallID, Timing) VALUES (13, 4, '18:30');
INSERT INTO HallTime (HallTimeID, HallID, Timing) VALUES (14, 4, '21:50');
INSERT INTO HallTime (HallTimeID, HallID, Timing) VALUES (15, 5, '12:40');
INSERT INTO HallTime (HallTimeID, HallID, Timing) VALUES (16, 5, '14:40');
INSERT INTO HallTime (HallTimeID, HallID, Timing) VALUES (17, 5, '18:10');
INSERT INTO HallTime (HallTimeID, HallID, Timing) VALUES (18, 5, '21:45');
INSERT INTO HallTime (HallTimeID, HallID, Timing) VALUES (19, 6, '16:40');
INSERT INTO HallTime (HallTimeID, HallID, Timing) VALUES (20, 6, '19:40');
INSERT INTO HallTime (HallTimeID, HallID, Timing) VALUES (21, 7, '12:40');
INSERT INTO HallTime (HallTimeID, HallID, Timing) VALUES (22, 7, '15:40');
INSERT INTO HallTime (HallTimeID, HallID, Timing) VALUES (23, 7, '18:30');
INSERT INTO HallTime (HallTimeID, HallID, Timing) VALUES (24, 7, '21:50');
INSERT INTO HallTime (HallTimeID, HallID, Timing) VALUES (25, 8, '12:40');
INSERT INTO HallTime (HallTimeID, HallID, Timing) VALUES (26, 8, '14:40');
INSERT INTO HallTime (HallTimeID, HallID, Timing) VALUES (27, 8, '18:10');
INSERT INTO HallTime (HallTimeID, HallID, Timing) VALUES (28, 8, '21:45');
INSERT INTO HallTime (HallTimeID, HallID, Timing) VALUES (29, 8, '16:40');
INSERT INTO HallTime (HallTimeID, HallID, Timing) VALUES (30, 8, '19:40');
INSERT INTO HallTime (HallTimeID, HallID, Timing) VALUES (31, 9, '12:40');
INSERT INTO HallTime (HallTimeID, HallID, Timing) VALUES (32, 9, '15:40');
INSERT INTO HallTime (HallTimeID, HallID, Timing) VALUES (33, 9, '18:30');
INSERT INTO HallTime (HallTimeID, HallID, Timing) VALUES (34, 9, '21:50');
INSERT INTO HallTime (HallTimeID, HallID, Timing) VALUES (35, 10, '12:40');
INSERT INTO HallTime (HallTimeID, HallID, Timing) VALUES (36, 10, '14:40');
INSERT INTO HallTime (HallTimeID, HallID, Timing) VALUES (37, 10, '18:10');
INSERT INTO HallTime (HallTimeID, HallID, Timing) VALUES (38, 10, '21:45');
INSERT INTO HallTime (HallTimeID, HallID, Timing) VALUES (39, 11, '16:40');
INSERT INTO HallTime (HallTimeID, HallID, Timing) VALUES (40, 11, '19:40');
INSERT INTO HallTime (HallTimeID, HallID, Timing) VALUES (41, 12, '12:40');
INSERT INTO HallTime (HallTimeID, HallID, Timing) VALUES (42, 12, '15:40');
INSERT INTO HallTime (HallTimeID, HallID, Timing) VALUES (43, 12, '18:30');
INSERT INTO HallTime (HallTimeID, HallID, Timing) VALUES (44, 12, '21:50');
INSERT INTO HallTime (HallTimeID, HallID, Timing) VALUES (45, 13, '12:40');
INSERT INTO HallTime (HallTimeID, HallID, Timing) VALUES (46, 13, '14:40');
INSERT INTO HallTime (HallTimeID, HallID, Timing) VALUES (47, 13, '18:10');
INSERT INTO HallTime (HallTimeID, HallID, Timing) VALUES (48, 13, '21:45');
INSERT INTO HallTime (HallTimeID, HallID, Timing) VALUES (49, 13, '16:40');
INSERT INTO HallTime (HallTimeID, HallID, Timing) VALUES (50, 13, '19:40');
INSERT INTO HallTime (HallTimeID, HallID, Timing) VALUES (51, 14, '12:40');
INSERT INTO HallTime (HallTimeID, HallID, Timing) VALUES (52, 14, '15:40');
INSERT INTO HallTime (HallTimeID, HallID, Timing) VALUES (53, 14, '18:30');
INSERT INTO HallTime (HallTimeID, HallID, Timing) VALUES (54, 14, '21:50');
INSERT INTO HallTime (HallTimeID, HallID, Timing) VALUES (55, 15, '12:40');
INSERT INTO HallTime (HallTimeID, HallID, Timing) VALUES (56, 15, '14:40');
INSERT INTO HallTime (HallTimeID, HallID, Timing) VALUES (57, 15, '18:10');
INSERT INTO HallTime (HallTimeID, HallID, Timing) VALUES (58, 15, '21:45');
INSERT INTO HallTime (HallTimeID, HallID, Timing) VALUES (59, 16, '16:40');
INSERT INTO HallTime (HallTimeID, HallID, Timing) VALUES (60, 16, '19:40');
INSERT INTO HallTime (HallTimeID, HallID, Timing) VALUES (61, 17, '12:40');
INSERT INTO HallTime (HallTimeID, HallID, Timing) VALUES (62, 17, '15:40');
INSERT INTO HallTime (HallTimeID, HallID, Timing) VALUES (63, 17, '18:30');
INSERT INTO HallTime (HallTimeID, HallID, Timing) VALUES (64, 17, '21:50');
INSERT INTO HallTime (HallTimeID, HallID, Timing) VALUES (65, 18, '12:40');
INSERT INTO HallTime (HallTimeID, HallID, Timing) VALUES (66, 18, '14:40');
INSERT INTO HallTime (HallTimeID, HallID, Timing) VALUES (67, 18, '18:10');
INSERT INTO HallTime (HallTimeID, HallID, Timing) VALUES (68, 18, '21:45');
INSERT INTO HallTime (HallTimeID, HallID, Timing) VALUES (69, 19, '16:40');
INSERT INTO HallTime (HallTimeID, HallID, Timing) VALUES (70, 19, '19:40');
INSERT INTO HallTime (HallTimeID, HallID, Timing) VALUES (71, 20, '12:40');
INSERT INTO HallTime (HallTimeID, HallID, Timing) VALUES (72, 20, '15:40');
INSERT INTO HallTime (HallTimeID, HallID, Timing) VALUES (73, 20, '18:30');
INSERT INTO HallTime (HallTimeID, HallID, Timing) VALUES (74, 20, '21:50');
INSERT INTO HallTime (HallTimeID, HallID, Timing) VALUES (75, 21, '12:40');
INSERT INTO HallTime (HallTimeID, HallID, Timing) VALUES (76, 21, '14:40');
INSERT INTO HallTime (HallTimeID, HallID, Timing) VALUES (77, 21, '18:10');
INSERT INTO HallTime (HallTimeID, HallID, Timing) VALUES (78, 21, '21:45');
INSERT INTO HallTime (HallTimeID, HallID, Timing) VALUES (79, 22, '16:40');
INSERT INTO HallTime (HallTimeID, HallID, Timing) VALUES (80, 22, '19:40');
INSERT INTO HallTime (HallTimeID, HallID, Timing) VALUES (81, 23, '12:40');
INSERT INTO HallTime (HallTimeID, HallID, Timing) VALUES (82, 23, '15:40');
INSERT INTO HallTime (HallTimeID, HallID, Timing) VALUES (83, 23, '18:30');
INSERT INTO HallTime (HallTimeID, HallID, Timing) VALUES (84, 23, '21:50');
INSERT INTO HallTime (HallTimeID, HallID, Timing) VALUES (85, 24, '12:40');
INSERT INTO HallTime (HallTimeID, HallID, Timing) VALUES (86, 24, '14:40');
INSERT INTO HallTime (HallTimeID, HallID, Timing) VALUES (87, 24, '18:10');
INSERT INTO HallTime (HallTimeID, HallID, Timing) VALUES (88, 24, '21:45');
--
INSERT INTO schedule (ScheduleID, Date, HallTimeId, MovieId) Values (1, '2022-04-11',1,4);
INSERT INTO schedule (ScheduleID, Date, HallTimeId, MovieId) Values (2, '2022-04-12',1,5);
INSERT INTO schedule (ScheduleID, Date, HallTimeId, MovieId) Values (3, '2022-04-13',1,5);
INSERT INTO schedule (ScheduleID, Date, HallTimeId, MovieId) Values (4, '2022-04-14',1,1);
INSERT INTO schedule (ScheduleID, Date, HallTimeId, MovieId) Values (5, '2022-04-15',1,5);
INSERT INTO schedule (ScheduleID, Date, HallTimeId, MovieId) Values (6, '2022-04-16',1,2);
INSERT INTO schedule (ScheduleID, Date, HallTimeId, MovieId) Values (7, '2022-04-17',1,2);
INSERT INTO schedule (ScheduleID, Date, HallTimeId, MovieId) Values (8, '2022-04-11',2,6);
INSERT INTO schedule (ScheduleID, Date, HallTimeId, MovieId) Values (9, '2022-04-12',2,2);
INSERT INTO schedule (ScheduleID, Date, HallTimeId, MovieId) Values (10, '2022-04-13',2,2);
INSERT INTO schedule (ScheduleID, Date, HallTimeId, MovieId) Values (11, '2022-04-14',2,6);
INSERT INTO schedule (ScheduleID, Date, HallTimeId, MovieId) Values (12, '2022-04-15',2,7);
INSERT INTO schedule (ScheduleID, Date, HallTimeId, MovieId) Values (13, '2022-04-16',2,2);
INSERT INTO schedule (ScheduleID, Date, HallTimeId, MovieId) Values (14, '2022-04-17',2,7);
INSERT INTO schedule (ScheduleID, Date, HallTimeId, MovieId) Values (15, '2022-04-11',3,5);
INSERT INTO schedule (ScheduleID, Date, HallTimeId, MovieId) Values (16, '2022-04-12',3,6);
INSERT INTO schedule (ScheduleID, Date, HallTimeId, MovieId) Values (17, '2022-04-13',3,7);
INSERT INTO schedule (ScheduleID, Date, HallTimeId, MovieId) Values (18, '2022-04-14',3,7);
INSERT INTO schedule (ScheduleID, Date, HallTimeId, MovieId) Values (19, '2022-04-15',3,5);
INSERT INTO schedule (ScheduleID, Date, HallTimeId, MovieId) Values (20, '2022-04-16',3,5);
INSERT INTO schedule (ScheduleID, Date, HallTimeId, MovieId) Values (21, '2022-04-17',3,4);
INSERT INTO schedule (ScheduleID, Date, HallTimeId, MovieId) Values (22, '2022-04-11',4,4);
INSERT INTO schedule (ScheduleID, Date, HallTimeId, MovieId) Values (23, '2022-04-12',4,5);
INSERT INTO schedule (ScheduleID, Date, HallTimeId, MovieId) Values (24, '2022-04-13',4,6);
INSERT INTO schedule (ScheduleID, Date, HallTimeId, MovieId) Values (25, '2022-04-14',4,6);
INSERT INTO schedule (ScheduleID, Date, HallTimeId, MovieId) Values (26, '2022-04-15',4,2);
INSERT INTO schedule (ScheduleID, Date, HallTimeId, MovieId) Values (27, '2022-04-16',4,6);
INSERT INTO schedule (ScheduleID, Date, HallTimeId, MovieId) Values (28, '2022-04-17',4,4);
INSERT INTO schedule (ScheduleID, Date, HallTimeId, MovieId) Values (29, '2022-04-11',5,7);
INSERT INTO schedule (ScheduleID, Date, HallTimeId, MovieId) Values (30, '2022-04-12',5,3);
INSERT INTO schedule (ScheduleID, Date, HallTimeId, MovieId) Values (31, '2022-04-13',5,5);
INSERT INTO schedule (ScheduleID, Date, HallTimeId, MovieId) Values (32, '2022-04-14',5,1);
INSERT INTO schedule (ScheduleID, Date, HallTimeId, MovieId) Values (33, '2022-04-15',5,5);
INSERT INTO schedule (ScheduleID, Date, HallTimeId, MovieId) Values (34, '2022-04-16',5,6);
INSERT INTO schedule (ScheduleID, Date, HallTimeId, MovieId) Values (35, '2022-04-17',5,2);
INSERT INTO schedule (ScheduleID, Date, HallTimeId, MovieId) Values (36, '2022-04-11',6,4);
INSERT INTO schedule (ScheduleID, Date, HallTimeId, MovieId) Values (37, '2022-04-12',6,1);
INSERT INTO schedule (ScheduleID, Date, HallTimeId, MovieId) Values (38, '2022-04-13',6,1);
INSERT INTO schedule (ScheduleID, Date, HallTimeId, MovieId) Values (39, '2022-04-14',6,5);
INSERT INTO schedule (ScheduleID, Date, HallTimeId, MovieId) Values (40, '2022-04-15',6,1);
INSERT INTO schedule (ScheduleID, Date, HallTimeId, MovieId) Values (41, '2022-04-16',6,3);
INSERT INTO schedule (ScheduleID, Date, HallTimeId, MovieId) Values (42, '2022-04-17',6,5);
INSERT INTO schedule (ScheduleID, Date, HallTimeId, MovieId) Values (43, '2022-04-11',7,3);
INSERT INTO schedule (ScheduleID, Date, HallTimeId, MovieId) Values (44, '2022-04-12',7,5);
INSERT INTO schedule (ScheduleID, Date, HallTimeId, MovieId) Values (45, '2022-04-13',7,7);
INSERT INTO schedule (ScheduleID, Date, HallTimeId, MovieId) Values (46, '2022-04-14',7,5);
INSERT INTO schedule (ScheduleID, Date, HallTimeId, MovieId) Values (47, '2022-04-15',7,2);
INSERT INTO schedule (ScheduleID, Date, HallTimeId, MovieId) Values (48, '2022-04-16',7,3);
INSERT INTO schedule (ScheduleID, Date, HallTimeId, MovieId) Values (49, '2022-04-17',7,1);
INSERT INTO schedule (ScheduleID, Date, HallTimeId, MovieId) Values (50, '2022-04-11',8,5);
INSERT INTO schedule (ScheduleID, Date, HallTimeId, MovieId) Values (51, '2022-04-12',8,3);
INSERT INTO schedule (ScheduleID, Date, HallTimeId, MovieId) Values (52, '2022-04-13',8,4);
INSERT INTO schedule (ScheduleID, Date, HallTimeId, MovieId) Values (53, '2022-04-14',8,1);
INSERT INTO schedule (ScheduleID, Date, HallTimeId, MovieId) Values (54, '2022-04-15',8,3);
INSERT INTO schedule (ScheduleID, Date, HallTimeId, MovieId) Values (55, '2022-04-16',8,5);
INSERT INTO schedule (ScheduleID, Date, HallTimeId, MovieId) Values (56, '2022-04-17',8,7);
INSERT INTO schedule (ScheduleID, Date, HallTimeId, MovieId) Values (57, '2022-04-11',9,5);
INSERT INTO schedule (ScheduleID, Date, HallTimeId, MovieId) Values (58, '2022-04-12',9,3);
INSERT INTO schedule (ScheduleID, Date, HallTimeId, MovieId) Values (59, '2022-04-13',9,1);
INSERT INTO schedule (ScheduleID, Date, HallTimeId, MovieId) Values (60, '2022-04-14',9,3);
INSERT INTO schedule (ScheduleID, Date, HallTimeId, MovieId) Values (61, '2022-04-15',9,3);
INSERT INTO schedule (ScheduleID, Date, HallTimeId, MovieId) Values (62, '2022-04-16',9,3);
INSERT INTO schedule (ScheduleID, Date, HallTimeId, MovieId) Values (63, '2022-04-17',9,4);
INSERT INTO schedule (ScheduleID, Date, HallTimeId, MovieId) Values (64, '2022-04-11',10,7);
INSERT INTO schedule (ScheduleID, Date, HallTimeId, MovieId) Values (65, '2022-04-12',10,3);
INSERT INTO schedule (ScheduleID, Date, HallTimeId, MovieId) Values (66, '2022-04-13',10,6);
INSERT INTO schedule (ScheduleID, Date, HallTimeId, MovieId) Values (67, '2022-04-14',10,6);
INSERT INTO schedule (ScheduleID, Date, HallTimeId, MovieId) Values (68, '2022-04-15',10,4);
INSERT INTO schedule (ScheduleID, Date, HallTimeId, MovieId) Values (69, '2022-04-16',10,2);
INSERT INTO schedule (ScheduleID, Date, HallTimeId, MovieId) Values (70, '2022-04-17',10,5);
INSERT INTO schedule (ScheduleID, Date, HallTimeId, MovieId) Values (71, '2022-04-11',11,6);
INSERT INTO schedule (ScheduleID, Date, HallTimeId, MovieId) Values (72, '2022-04-12',11,7);
INSERT INTO schedule (ScheduleID, Date, HallTimeId, MovieId) Values (73, '2022-04-13',11,7);
INSERT INTO schedule (ScheduleID, Date, HallTimeId, MovieId) Values (74, '2022-04-14',11,6);
INSERT INTO schedule (ScheduleID, Date, HallTimeId, MovieId) Values (75, '2022-04-15',11,5);
INSERT INTO schedule (ScheduleID, Date, HallTimeId, MovieId) Values (76, '2022-04-16',11,6);
INSERT INTO schedule (ScheduleID, Date, HallTimeId, MovieId) Values (77, '2022-04-17',11,1);
INSERT INTO schedule (ScheduleID, Date, HallTimeId, MovieId) Values (78, '2022-04-11',12,1);
INSERT INTO schedule (ScheduleID, Date, HallTimeId, MovieId) Values (79, '2022-04-12',12,3);
INSERT INTO schedule (ScheduleID, Date, HallTimeId, MovieId) Values (80, '2022-04-13',12,6);
INSERT INTO schedule (ScheduleID, Date, HallTimeId, MovieId) Values (81, '2022-04-14',12,6);
INSERT INTO schedule (ScheduleID, Date, HallTimeId, MovieId) Values (82, '2022-04-15',12,1);
INSERT INTO schedule (ScheduleID, Date, HallTimeId, MovieId) Values (83, '2022-04-16',12,2);
INSERT INTO schedule (ScheduleID, Date, HallTimeId, MovieId) Values (84, '2022-04-17',12,2);
INSERT INTO schedule (ScheduleID, Date, HallTimeId, MovieId) Values (85, '2022-04-11',13,1);
INSERT INTO schedule (ScheduleID, Date, HallTimeId, MovieId) Values (86, '2022-04-12',13,6);
INSERT INTO schedule (ScheduleID, Date, HallTimeId, MovieId) Values (87, '2022-04-13',13,1);
INSERT INTO schedule (ScheduleID, Date, HallTimeId, MovieId) Values (88, '2022-04-14',13,1);
INSERT INTO schedule (ScheduleID, Date, HallTimeId, MovieId) Values (89, '2022-04-15',13,4);
INSERT INTO schedule (ScheduleID, Date, HallTimeId, MovieId) Values (90, '2022-04-16',13,5);
INSERT INTO schedule (ScheduleID, Date, HallTimeId, MovieId) Values (91, '2022-04-17',13,7);
INSERT INTO schedule (ScheduleID, Date, HallTimeId, MovieId) Values (92, '2022-04-11',14,1);
INSERT INTO schedule (ScheduleID, Date, HallTimeId, MovieId) Values (93, '2022-04-12',14,2);
INSERT INTO schedule (ScheduleID, Date, HallTimeId, MovieId) Values (94, '2022-04-13',14,6);
INSERT INTO schedule (ScheduleID, Date, HallTimeId, MovieId) Values (95, '2022-04-14',14,4);
INSERT INTO schedule (ScheduleID, Date, HallTimeId, MovieId) Values (96, '2022-04-15',14,4);
INSERT INTO schedule (ScheduleID, Date, HallTimeId, MovieId) Values (97, '2022-04-16',14,7);
INSERT INTO schedule (ScheduleID, Date, HallTimeId, MovieId) Values (98, '2022-04-17',14,4);
INSERT INTO schedule (ScheduleID, Date, HallTimeId, MovieId) Values (99, '2022-04-11',15,1);
INSERT INTO schedule (ScheduleID, Date, HallTimeId, MovieId) Values (100, '2022-04-12',15,7);
INSERT INTO schedule (ScheduleID, Date, HallTimeId, MovieId) Values (101, '2022-04-13',15,4);
INSERT INTO schedule (ScheduleID, Date, HallTimeId, MovieId) Values (102, '2022-04-14',15,5);
INSERT INTO schedule (ScheduleID, Date, HallTimeId, MovieId) Values (103, '2022-04-15',15,3);
INSERT INTO schedule (ScheduleID, Date, HallTimeId, MovieId) Values (104, '2022-04-16',15,4);
INSERT INTO schedule (ScheduleID, Date, HallTimeId, MovieId) Values (105, '2022-04-17',15,6);
INSERT INTO schedule (ScheduleID, Date, HallTimeId, MovieId) Values (106, '2022-04-11',16,1);
INSERT INTO schedule (ScheduleID, Date, HallTimeId, MovieId) Values (107, '2022-04-12',16,7);
INSERT INTO schedule (ScheduleID, Date, HallTimeId, MovieId) Values (108, '2022-04-13',16,4);
INSERT INTO schedule (ScheduleID, Date, HallTimeId, MovieId) Values (109, '2022-04-14',16,5);
INSERT INTO schedule (ScheduleID, Date, HallTimeId, MovieId) Values (110, '2022-04-15',16,1);
INSERT INTO schedule (ScheduleID, Date, HallTimeId, MovieId) Values (111, '2022-04-16',16,2);
INSERT INTO schedule (ScheduleID, Date, HallTimeId, MovieId) Values (112, '2022-04-17',16,2);
INSERT INTO schedule (ScheduleID, Date, HallTimeId, MovieId) Values (113, '2022-04-11',17,5);
INSERT INTO schedule (ScheduleID, Date, HallTimeId, MovieId) Values (114, '2022-04-12',17,5);
INSERT INTO schedule (ScheduleID, Date, HallTimeId, MovieId) Values (115, '2022-04-13',17,3);
INSERT INTO schedule (ScheduleID, Date, HallTimeId, MovieId) Values (116, '2022-04-14',17,4);
INSERT INTO schedule (ScheduleID, Date, HallTimeId, MovieId) Values (117, '2022-04-15',17,6);
INSERT INTO schedule (ScheduleID, Date, HallTimeId, MovieId) Values (118, '2022-04-16',17,7);
INSERT INTO schedule (ScheduleID, Date, HallTimeId, MovieId) Values (119, '2022-04-17',17,3);
INSERT INTO schedule (ScheduleID, Date, HallTimeId, MovieId) Values (120, '2022-04-11',18,3);
INSERT INTO schedule (ScheduleID, Date, HallTimeId, MovieId) Values (121, '2022-04-12',18,4);
INSERT INTO schedule (ScheduleID, Date, HallTimeId, MovieId) Values (122, '2022-04-13',18,3);
INSERT INTO schedule (ScheduleID, Date, HallTimeId, MovieId) Values (123, '2022-04-14',18,5);
INSERT INTO schedule (ScheduleID, Date, HallTimeId, MovieId) Values (124, '2022-04-15',18,7);
INSERT INTO schedule (ScheduleID, Date, HallTimeId, MovieId) Values (125, '2022-04-16',18,2);
INSERT INTO schedule (ScheduleID, Date, HallTimeId, MovieId) Values (126, '2022-04-17',18,7);
INSERT INTO schedule (ScheduleID, Date, HallTimeId, MovieId) Values (127, '2022-04-11',19,6);
INSERT INTO schedule (ScheduleID, Date, HallTimeId, MovieId) Values (128, '2022-04-12',19,5);
INSERT INTO schedule (ScheduleID, Date, HallTimeId, MovieId) Values (129, '2022-04-13',19,2);
INSERT INTO schedule (ScheduleID, Date, HallTimeId, MovieId) Values (130, '2022-04-14',19,3);
INSERT INTO schedule (ScheduleID, Date, HallTimeId, MovieId) Values (131, '2022-04-15',19,7);
INSERT INTO schedule (ScheduleID, Date, HallTimeId, MovieId) Values (132, '2022-04-16',19,4);
INSERT INTO schedule (ScheduleID, Date, HallTimeId, MovieId) Values (133, '2022-04-17',19,2);
INSERT INTO schedule (ScheduleID, Date, HallTimeId, MovieId) Values (134, '2022-04-11',20,5);
INSERT INTO schedule (ScheduleID, Date, HallTimeId, MovieId) Values (135, '2022-04-12',20,5);
INSERT INTO schedule (ScheduleID, Date, HallTimeId, MovieId) Values (136, '2022-04-13',20,2);
INSERT INTO schedule (ScheduleID, Date, HallTimeId, MovieId) Values (137, '2022-04-14',20,7);
INSERT INTO schedule (ScheduleID, Date, HallTimeId, MovieId) Values (138, '2022-04-15',20,5);
INSERT INTO schedule (ScheduleID, Date, HallTimeId, MovieId) Values (139, '2022-04-16',20,6);
INSERT INTO schedule (ScheduleID, Date, HallTimeId, MovieId) Values (140, '2022-04-17',20,4);
INSERT INTO schedule (ScheduleID, Date, HallTimeId, MovieId) Values (141, '2022-04-11',21,5);
INSERT INTO schedule (ScheduleID, Date, HallTimeId, MovieId) Values (142, '2022-04-12',21,6);
INSERT INTO schedule (ScheduleID, Date, HallTimeId, MovieId) Values (143, '2022-04-13',21,2);
INSERT INTO schedule (ScheduleID, Date, HallTimeId, MovieId) Values (144, '2022-04-14',21,3);
INSERT INTO schedule (ScheduleID, Date, HallTimeId, MovieId) Values (145, '2022-04-15',21,2);
INSERT INTO schedule (ScheduleID, Date, HallTimeId, MovieId) Values (146, '2022-04-16',21,7);
INSERT INTO schedule (ScheduleID, Date, HallTimeId, MovieId) Values (147, '2022-04-17',21,6);
INSERT INTO schedule (ScheduleID, Date, HallTimeId, MovieId) Values (148, '2022-04-11',22,2);
INSERT INTO schedule (ScheduleID, Date, HallTimeId, MovieId) Values (149, '2022-04-12',22,1);
INSERT INTO schedule (ScheduleID, Date, HallTimeId, MovieId) Values (150, '2022-04-13',22,7);
INSERT INTO schedule (ScheduleID, Date, HallTimeId, MovieId) Values (151, '2022-04-14',22,7);
INSERT INTO schedule (ScheduleID, Date, HallTimeId, MovieId) Values (152, '2022-04-15',22,5);
INSERT INTO schedule (ScheduleID, Date, HallTimeId, MovieId) Values (153, '2022-04-16',22,5);
INSERT INTO schedule (ScheduleID, Date, HallTimeId, MovieId) Values (154, '2022-04-17',22,4);
INSERT INTO schedule (ScheduleID, Date, HallTimeId, MovieId) Values (155, '2022-04-11',23,5);
INSERT INTO schedule (ScheduleID, Date, HallTimeId, MovieId) Values (156, '2022-04-12',23,3);
INSERT INTO schedule (ScheduleID, Date, HallTimeId, MovieId) Values (157, '2022-04-13',23,1);
INSERT INTO schedule (ScheduleID, Date, HallTimeId, MovieId) Values (158, '2022-04-14',23,7);
INSERT INTO schedule (ScheduleID, Date, HallTimeId, MovieId) Values (159, '2022-04-15',23,4);
INSERT INTO schedule (ScheduleID, Date, HallTimeId, MovieId) Values (160, '2022-04-16',23,3);
INSERT INTO schedule (ScheduleID, Date, HallTimeId, MovieId) Values (161, '2022-04-17',23,2);
INSERT INTO schedule (ScheduleID, Date, HallTimeId, MovieId) Values (162, '2022-04-11',24,4);
INSERT INTO schedule (ScheduleID, Date, HallTimeId, MovieId) Values (163, '2022-04-12',24,6);
INSERT INTO schedule (ScheduleID, Date, HallTimeId, MovieId) Values (164, '2022-04-13',24,7);
INSERT INTO schedule (ScheduleID, Date, HallTimeId, MovieId) Values (165, '2022-04-14',24,5);
INSERT INTO schedule (ScheduleID, Date, HallTimeId, MovieId) Values (166, '2022-04-15',24,2);
INSERT INTO schedule (ScheduleID, Date, HallTimeId, MovieId) Values (167, '2022-04-16',24,6);
INSERT INTO schedule (ScheduleID, Date, HallTimeId, MovieId) Values (168, '2022-04-17',24,2);
INSERT INTO schedule (ScheduleID, Date, HallTimeId, MovieId) Values (169, '2022-04-11',25,7);
INSERT INTO schedule (ScheduleID, Date, HallTimeId, MovieId) Values (170, '2022-04-12',25,3);
INSERT INTO schedule (ScheduleID, Date, HallTimeId, MovieId) Values (171, '2022-04-13',25,6);
INSERT INTO schedule (ScheduleID, Date, HallTimeId, MovieId) Values (172, '2022-04-14',25,6);
INSERT INTO schedule (ScheduleID, Date, HallTimeId, MovieId) Values (173, '2022-04-15',25,4);
INSERT INTO schedule (ScheduleID, Date, HallTimeId, MovieId) Values (174, '2022-04-16',25,3);
INSERT INTO schedule (ScheduleID, Date, HallTimeId, MovieId) Values (175, '2022-04-17',25,5);
INSERT INTO schedule (ScheduleID, Date, HallTimeId, MovieId) Values (176, '2022-04-11',26,1);
INSERT INTO schedule (ScheduleID, Date, HallTimeId, MovieId) Values (177, '2022-04-12',26,4);
INSERT INTO schedule (ScheduleID, Date, HallTimeId, MovieId) Values (178, '2022-04-13',26,1);
INSERT INTO schedule (ScheduleID, Date, HallTimeId, MovieId) Values (179, '2022-04-14',26,1);
INSERT INTO schedule (ScheduleID, Date, HallTimeId, MovieId) Values (180, '2022-04-15',26,1);
INSERT INTO schedule (ScheduleID, Date, HallTimeId, MovieId) Values (181, '2022-04-16',26,1);
INSERT INTO schedule (ScheduleID, Date, HallTimeId, MovieId) Values (182, '2022-04-17',26,4);
INSERT INTO schedule (ScheduleID, Date, HallTimeId, MovieId) Values (183, '2022-04-11',27,7);
INSERT INTO schedule (ScheduleID, Date, HallTimeId, MovieId) Values (184, '2022-04-12',27,6);
INSERT INTO schedule (ScheduleID, Date, HallTimeId, MovieId) Values (185, '2022-04-13',27,4);
INSERT INTO schedule (ScheduleID, Date, HallTimeId, MovieId) Values (186, '2022-04-14',27,5);
INSERT INTO schedule (ScheduleID, Date, HallTimeId, MovieId) Values (187, '2022-04-15',27,4);
INSERT INTO schedule (ScheduleID, Date, HallTimeId, MovieId) Values (188, '2022-04-16',27,7);
INSERT INTO schedule (ScheduleID, Date, HallTimeId, MovieId) Values (189, '2022-04-17',27,1);
INSERT INTO schedule (ScheduleID, Date, HallTimeId, MovieId) Values (190, '2022-04-11',28,2);
INSERT INTO schedule (ScheduleID, Date, HallTimeId, MovieId) Values (191, '2022-04-12',28,4);
INSERT INTO schedule (ScheduleID, Date, HallTimeId, MovieId) Values (192, '2022-04-13',28,1);
INSERT INTO schedule (ScheduleID, Date, HallTimeId, MovieId) Values (193, '2022-04-14',28,1);
INSERT INTO schedule (ScheduleID, Date, HallTimeId, MovieId) Values (194, '2022-04-15',28,7);
INSERT INTO schedule (ScheduleID, Date, HallTimeId, MovieId) Values (195, '2022-04-16',28,7);
INSERT INTO schedule (ScheduleID, Date, HallTimeId, MovieId) Values (196, '2022-04-17',28,7);
INSERT INTO schedule (ScheduleID, Date, HallTimeId, MovieId) Values (197, '2022-04-11',29,7);
INSERT INTO schedule (ScheduleID, Date, HallTimeId, MovieId) Values (198, '2022-04-12',29,5);
INSERT INTO schedule (ScheduleID, Date, HallTimeId, MovieId) Values (199, '2022-04-13',29,4);
INSERT INTO schedule (ScheduleID, Date, HallTimeId, MovieId) Values (200, '2022-04-14',29,1);
INSERT INTO schedule (ScheduleID, Date, HallTimeId, MovieId) Values (201, '2022-04-15',29,1);
INSERT INTO schedule (ScheduleID, Date, HallTimeId, MovieId) Values (202, '2022-04-16',29,2);
INSERT INTO schedule (ScheduleID, Date, HallTimeId, MovieId) Values (203, '2022-04-17',29,1);
INSERT INTO schedule (ScheduleID, Date, HallTimeId, MovieId) Values (204, '2022-04-11',30,6);
INSERT INTO schedule (ScheduleID, Date, HallTimeId, MovieId) Values (205, '2022-04-12',30,6);
INSERT INTO schedule (ScheduleID, Date, HallTimeId, MovieId) Values (206, '2022-04-13',30,7);
INSERT INTO schedule (ScheduleID, Date, HallTimeId, MovieId) Values (207, '2022-04-14',30,4);
INSERT INTO schedule (ScheduleID, Date, HallTimeId, MovieId) Values (208, '2022-04-15',30,6);
INSERT INTO schedule (ScheduleID, Date, HallTimeId, MovieId) Values (209, '2022-04-16',30,6);
INSERT INTO schedule (ScheduleID, Date, HallTimeId, MovieId) Values (210, '2022-04-17',30,1);
INSERT INTO schedule (ScheduleID, Date, HallTimeId, MovieId) Values (211, '2022-04-11',31,3);
INSERT INTO schedule (ScheduleID, Date, HallTimeId, MovieId) Values (212, '2022-04-12',31,6);
INSERT INTO schedule (ScheduleID, Date, HallTimeId, MovieId) Values (213, '2022-04-13',31,2);
INSERT INTO schedule (ScheduleID, Date, HallTimeId, MovieId) Values (214, '2022-04-14',31,7);
INSERT INTO schedule (ScheduleID, Date, HallTimeId, MovieId) Values (215, '2022-04-15',31,3);
INSERT INTO schedule (ScheduleID, Date, HallTimeId, MovieId) Values (216, '2022-04-16',31,1);
INSERT INTO schedule (ScheduleID, Date, HallTimeId, MovieId) Values (217, '2022-04-17',31,1);
INSERT INTO schedule (ScheduleID, Date, HallTimeId, MovieId) Values (218, '2022-04-11',32,4);
INSERT INTO schedule (ScheduleID, Date, HallTimeId, MovieId) Values (219, '2022-04-12',32,5);
INSERT INTO schedule (ScheduleID, Date, HallTimeId, MovieId) Values (220, '2022-04-13',32,7);
INSERT INTO schedule (ScheduleID, Date, HallTimeId, MovieId) Values (221, '2022-04-14',32,3);
INSERT INTO schedule (ScheduleID, Date, HallTimeId, MovieId) Values (222, '2022-04-15',32,7);
INSERT INTO schedule (ScheduleID, Date, HallTimeId, MovieId) Values (223, '2022-04-16',32,3);
INSERT INTO schedule (ScheduleID, Date, HallTimeId, MovieId) Values (224, '2022-04-17',32,7);
INSERT INTO schedule (ScheduleID, Date, HallTimeId, MovieId) Values (225, '2022-04-11',33,5);
INSERT INTO schedule (ScheduleID, Date, HallTimeId, MovieId) Values (226, '2022-04-12',33,7);
INSERT INTO schedule (ScheduleID, Date, HallTimeId, MovieId) Values (227, '2022-04-13',33,3);
INSERT INTO schedule (ScheduleID, Date, HallTimeId, MovieId) Values (228, '2022-04-14',33,3);
INSERT INTO schedule (ScheduleID, Date, HallTimeId, MovieId) Values (229, '2022-04-15',33,4);
INSERT INTO schedule (ScheduleID, Date, HallTimeId, MovieId) Values (230, '2022-04-16',33,1);
INSERT INTO schedule (ScheduleID, Date, HallTimeId, MovieId) Values (231, '2022-04-17',33,2);
INSERT INTO schedule (ScheduleID, Date, HallTimeId, MovieId) Values (232, '2022-04-11',34,4);
INSERT INTO schedule (ScheduleID, Date, HallTimeId, MovieId) Values (233, '2022-04-12',34,1);
INSERT INTO schedule (ScheduleID, Date, HallTimeId, MovieId) Values (234, '2022-04-13',34,3);
INSERT INTO schedule (ScheduleID, Date, HallTimeId, MovieId) Values (235, '2022-04-14',34,7);
INSERT INTO schedule (ScheduleID, Date, HallTimeId, MovieId) Values (236, '2022-04-15',34,3);
INSERT INTO schedule (ScheduleID, Date, HallTimeId, MovieId) Values (237, '2022-04-16',34,5);
INSERT INTO schedule (ScheduleID, Date, HallTimeId, MovieId) Values (238, '2022-04-17',34,6);
INSERT INTO schedule (ScheduleID, Date, HallTimeId, MovieId) Values (239, '2022-04-11',35,5);
INSERT INTO schedule (ScheduleID, Date, HallTimeId, MovieId) Values (240, '2022-04-12',35,2);
INSERT INTO schedule (ScheduleID, Date, HallTimeId, MovieId) Values (241, '2022-04-13',35,1);
INSERT INTO schedule (ScheduleID, Date, HallTimeId, MovieId) Values (242, '2022-04-14',35,3);
INSERT INTO schedule (ScheduleID, Date, HallTimeId, MovieId) Values (243, '2022-04-15',35,6);
INSERT INTO schedule (ScheduleID, Date, HallTimeId, MovieId) Values (244, '2022-04-16',35,2);
INSERT INTO schedule (ScheduleID, Date, HallTimeId, MovieId) Values (245, '2022-04-17',35,4);
INSERT INTO schedule (ScheduleID, Date, HallTimeId, MovieId) Values (246, '2022-04-11',36,5);
INSERT INTO schedule (ScheduleID, Date, HallTimeId, MovieId) Values (247, '2022-04-12',36,7);
INSERT INTO schedule (ScheduleID, Date, HallTimeId, MovieId) Values (248, '2022-04-13',36,2);
INSERT INTO schedule (ScheduleID, Date, HallTimeId, MovieId) Values (249, '2022-04-14',36,6);
INSERT INTO schedule (ScheduleID, Date, HallTimeId, MovieId) Values (250, '2022-04-15',36,1);
INSERT INTO schedule (ScheduleID, Date, HallTimeId, MovieId) Values (251, '2022-04-16',36,3);
INSERT INTO schedule (ScheduleID, Date, HallTimeId, MovieId) Values (252, '2022-04-17',36,3);
INSERT INTO schedule (ScheduleID, Date, HallTimeId, MovieId) Values (253, '2022-04-11',37,3);
INSERT INTO schedule (ScheduleID, Date, HallTimeId, MovieId) Values (254, '2022-04-12',37,1);
INSERT INTO schedule (ScheduleID, Date, HallTimeId, MovieId) Values (255, '2022-04-13',37,6);
INSERT INTO schedule (ScheduleID, Date, HallTimeId, MovieId) Values (256, '2022-04-14',37,1);
INSERT INTO schedule (ScheduleID, Date, HallTimeId, MovieId) Values (257, '2022-04-15',37,6);
INSERT INTO schedule (ScheduleID, Date, HallTimeId, MovieId) Values (258, '2022-04-16',37,6);
INSERT INTO schedule (ScheduleID, Date, HallTimeId, MovieId) Values (259, '2022-04-17',37,2);
INSERT INTO schedule (ScheduleID, Date, HallTimeId, MovieId) Values (260, '2022-04-11',38,4);
INSERT INTO schedule (ScheduleID, Date, HallTimeId, MovieId) Values (261, '2022-04-12',38,3);
INSERT INTO schedule (ScheduleID, Date, HallTimeId, MovieId) Values (262, '2022-04-13',38,4);
INSERT INTO schedule (ScheduleID, Date, HallTimeId, MovieId) Values (263, '2022-04-14',38,6);
INSERT INTO schedule (ScheduleID, Date, HallTimeId, MovieId) Values (264, '2022-04-15',38,5);
INSERT INTO schedule (ScheduleID, Date, HallTimeId, MovieId) Values (265, '2022-04-16',38,3);
INSERT INTO schedule (ScheduleID, Date, HallTimeId, MovieId) Values (266, '2022-04-17',38,3);
INSERT INTO schedule (ScheduleID, Date, HallTimeId, MovieId) Values (267, '2022-04-11',39,4);
INSERT INTO schedule (ScheduleID, Date, HallTimeId, MovieId) Values (268, '2022-04-12',39,4);
INSERT INTO schedule (ScheduleID, Date, HallTimeId, MovieId) Values (269, '2022-04-13',39,5);
INSERT INTO schedule (ScheduleID, Date, HallTimeId, MovieId) Values (270, '2022-04-14',39,4);
INSERT INTO schedule (ScheduleID, Date, HallTimeId, MovieId) Values (271, '2022-04-15',39,5);
INSERT INTO schedule (ScheduleID, Date, HallTimeId, MovieId) Values (272, '2022-04-16',39,7);
INSERT INTO schedule (ScheduleID, Date, HallTimeId, MovieId) Values (273, '2022-04-17',39,7);
INSERT INTO schedule (ScheduleID, Date, HallTimeId, MovieId) Values (274, '2022-04-11',40,4);
INSERT INTO schedule (ScheduleID, Date, HallTimeId, MovieId) Values (275, '2022-04-12',40,4);
INSERT INTO schedule (ScheduleID, Date, HallTimeId, MovieId) Values (276, '2022-04-13',40,4);
INSERT INTO schedule (ScheduleID, Date, HallTimeId, MovieId) Values (277, '2022-04-14',40,6);
INSERT INTO schedule (ScheduleID, Date, HallTimeId, MovieId) Values (278, '2022-04-15',40,3);
INSERT INTO schedule (ScheduleID, Date, HallTimeId, MovieId) Values (279, '2022-04-16',40,1);
INSERT INTO schedule (ScheduleID, Date, HallTimeId, MovieId) Values (280, '2022-04-17',40,1);
INSERT INTO schedule (ScheduleID, Date, HallTimeId, MovieId) Values (281, '2022-04-11',41,6);
INSERT INTO schedule (ScheduleID, Date, HallTimeId, MovieId) Values (282, '2022-04-12',41,4);
INSERT INTO schedule (ScheduleID, Date, HallTimeId, MovieId) Values (283, '2022-04-13',41,3);
INSERT INTO schedule (ScheduleID, Date, HallTimeId, MovieId) Values (284, '2022-04-14',41,3);
INSERT INTO schedule (ScheduleID, Date, HallTimeId, MovieId) Values (285, '2022-04-15',41,5);
INSERT INTO schedule (ScheduleID, Date, HallTimeId, MovieId) Values (286, '2022-04-16',41,7);
INSERT INTO schedule (ScheduleID, Date, HallTimeId, MovieId) Values (287, '2022-04-17',41,3);
INSERT INTO schedule (ScheduleID, Date, HallTimeId, MovieId) Values (288, '2022-04-11',42,7);
INSERT INTO schedule (ScheduleID, Date, HallTimeId, MovieId) Values (289, '2022-04-12',42,7);
INSERT INTO schedule (ScheduleID, Date, HallTimeId, MovieId) Values (290, '2022-04-13',42,6);
INSERT INTO schedule (ScheduleID, Date, HallTimeId, MovieId) Values (291, '2022-04-14',42,2);
INSERT INTO schedule (ScheduleID, Date, HallTimeId, MovieId) Values (292, '2022-04-15',42,2);
INSERT INTO schedule (ScheduleID, Date, HallTimeId, MovieId) Values (293, '2022-04-16',42,7);
INSERT INTO schedule (ScheduleID, Date, HallTimeId, MovieId) Values (294, '2022-04-17',42,5);
INSERT INTO schedule (ScheduleID, Date, HallTimeId, MovieId) Values (295, '2022-04-11',43,1);
INSERT INTO schedule (ScheduleID, Date, HallTimeId, MovieId) Values (296, '2022-04-12',43,3);
INSERT INTO schedule (ScheduleID, Date, HallTimeId, MovieId) Values (297, '2022-04-13',43,1);
INSERT INTO schedule (ScheduleID, Date, HallTimeId, MovieId) Values (298, '2022-04-14',43,6);
INSERT INTO schedule (ScheduleID, Date, HallTimeId, MovieId) Values (299, '2022-04-15',43,3);
INSERT INTO schedule (ScheduleID, Date, HallTimeId, MovieId) Values (300, '2022-04-16',43,2);
INSERT INTO schedule (ScheduleID, Date, HallTimeId, MovieId) Values (301, '2022-04-17',43,4);
INSERT INTO schedule (ScheduleID, Date, HallTimeId, MovieId) Values (302, '2022-04-11',44,4);
INSERT INTO schedule (ScheduleID, Date, HallTimeId, MovieId) Values (303, '2022-04-12',44,3);
INSERT INTO schedule (ScheduleID, Date, HallTimeId, MovieId) Values (304, '2022-04-13',44,4);
INSERT INTO schedule (ScheduleID, Date, HallTimeId, MovieId) Values (305, '2022-04-14',44,6);
INSERT INTO schedule (ScheduleID, Date, HallTimeId, MovieId) Values (306, '2022-04-15',44,5);
INSERT INTO schedule (ScheduleID, Date, HallTimeId, MovieId) Values (307, '2022-04-16',44,5);
INSERT INTO schedule (ScheduleID, Date, HallTimeId, MovieId) Values (308, '2022-04-17',44,2);
INSERT INTO schedule (ScheduleID, Date, HallTimeId, MovieId) Values (309, '2022-04-11',45,6);
INSERT INTO schedule (ScheduleID, Date, HallTimeId, MovieId) Values (310, '2022-04-12',45,6);
INSERT INTO schedule (ScheduleID, Date, HallTimeId, MovieId) Values (311, '2022-04-13',45,3);
INSERT INTO schedule (ScheduleID, Date, HallTimeId, MovieId) Values (312, '2022-04-14',45,7);
INSERT INTO schedule (ScheduleID, Date, HallTimeId, MovieId) Values (313, '2022-04-15',45,4);
INSERT INTO schedule (ScheduleID, Date, HallTimeId, MovieId) Values (314, '2022-04-16',45,1);
INSERT INTO schedule (ScheduleID, Date, HallTimeId, MovieId) Values (315, '2022-04-17',45,3);
INSERT INTO schedule (ScheduleID, Date, HallTimeId, MovieId) Values (316, '2022-04-11',46,2);
INSERT INTO schedule (ScheduleID, Date, HallTimeId, MovieId) Values (317, '2022-04-12',46,6);
INSERT INTO schedule (ScheduleID, Date, HallTimeId, MovieId) Values (318, '2022-04-13',46,3);
INSERT INTO schedule (ScheduleID, Date, HallTimeId, MovieId) Values (319, '2022-04-14',46,1);
INSERT INTO schedule (ScheduleID, Date, HallTimeId, MovieId) Values (320, '2022-04-15',46,6);
INSERT INTO schedule (ScheduleID, Date, HallTimeId, MovieId) Values (321, '2022-04-16',46,4);
INSERT INTO schedule (ScheduleID, Date, HallTimeId, MovieId) Values (322, '2022-04-17',46,6);
INSERT INTO schedule (ScheduleID, Date, HallTimeId, MovieId) Values (323, '2022-04-11',47,7);
INSERT INTO schedule (ScheduleID, Date, HallTimeId, MovieId) Values (324, '2022-04-12',47,3);
INSERT INTO schedule (ScheduleID, Date, HallTimeId, MovieId) Values (325, '2022-04-13',47,3);
INSERT INTO schedule (ScheduleID, Date, HallTimeId, MovieId) Values (326, '2022-04-14',47,4);
INSERT INTO schedule (ScheduleID, Date, HallTimeId, MovieId) Values (327, '2022-04-15',47,2);
INSERT INTO schedule (ScheduleID, Date, HallTimeId, MovieId) Values (328, '2022-04-16',47,2);
INSERT INTO schedule (ScheduleID, Date, HallTimeId, MovieId) Values (329, '2022-04-17',47,1);
INSERT INTO schedule (ScheduleID, Date, HallTimeId, MovieId) Values (330, '2022-04-11',48,2);
INSERT INTO schedule (ScheduleID, Date, HallTimeId, MovieId) Values (331, '2022-04-12',48,5);
INSERT INTO schedule (ScheduleID, Date, HallTimeId, MovieId) Values (332, '2022-04-13',48,1);
INSERT INTO schedule (ScheduleID, Date, HallTimeId, MovieId) Values (333, '2022-04-14',48,5);
INSERT INTO schedule (ScheduleID, Date, HallTimeId, MovieId) Values (334, '2022-04-15',48,7);
INSERT INTO schedule (ScheduleID, Date, HallTimeId, MovieId) Values (335, '2022-04-16',48,6);
INSERT INTO schedule (ScheduleID, Date, HallTimeId, MovieId) Values (336, '2022-04-17',48,6);
INSERT INTO schedule (ScheduleID, Date, HallTimeId, MovieId) Values (337, '2022-04-11',49,1);
INSERT INTO schedule (ScheduleID, Date, HallTimeId, MovieId) Values (338, '2022-04-12',49,7);
INSERT INTO schedule (ScheduleID, Date, HallTimeId, MovieId) Values (339, '2022-04-13',49,2);
INSERT INTO schedule (ScheduleID, Date, HallTimeId, MovieId) Values (340, '2022-04-14',49,7);
INSERT INTO schedule (ScheduleID, Date, HallTimeId, MovieId) Values (341, '2022-04-15',49,5);
INSERT INTO schedule (ScheduleID, Date, HallTimeId, MovieId) Values (342, '2022-04-16',49,4);
INSERT INTO schedule (ScheduleID, Date, HallTimeId, MovieId) Values (343, '2022-04-17',49,3);
INSERT INTO schedule (ScheduleID, Date, HallTimeId, MovieId) Values (344, '2022-04-11',50,6);
INSERT INTO schedule (ScheduleID, Date, HallTimeId, MovieId) Values (345, '2022-04-12',50,6);
INSERT INTO schedule (ScheduleID, Date, HallTimeId, MovieId) Values (346, '2022-04-13',50,3);
INSERT INTO schedule (ScheduleID, Date, HallTimeId, MovieId) Values (347, '2022-04-14',50,5);
INSERT INTO schedule (ScheduleID, Date, HallTimeId, MovieId) Values (348, '2022-04-15',50,5);
INSERT INTO schedule (ScheduleID, Date, HallTimeId, MovieId) Values (349, '2022-04-16',50,3);
INSERT INTO schedule (ScheduleID, Date, HallTimeId, MovieId) Values (350, '2022-04-17',50,6);
INSERT INTO schedule (ScheduleID, Date, HallTimeId, MovieId) Values (351, '2022-04-11',51,5);
INSERT INTO schedule (ScheduleID, Date, HallTimeId, MovieId) Values (352, '2022-04-12',51,2);
INSERT INTO schedule (ScheduleID, Date, HallTimeId, MovieId) Values (353, '2022-04-13',51,1);
INSERT INTO schedule (ScheduleID, Date, HallTimeId, MovieId) Values (354, '2022-04-14',51,6);
INSERT INTO schedule (ScheduleID, Date, HallTimeId, MovieId) Values (355, '2022-04-15',51,3);
INSERT INTO schedule (ScheduleID, Date, HallTimeId, MovieId) Values (356, '2022-04-16',51,7);
INSERT INTO schedule (ScheduleID, Date, HallTimeId, MovieId) Values (357, '2022-04-17',51,2);
INSERT INTO schedule (ScheduleID, Date, HallTimeId, MovieId) Values (358, '2022-04-11',52,4);
INSERT INTO schedule (ScheduleID, Date, HallTimeId, MovieId) Values (359, '2022-04-12',52,5);
INSERT INTO schedule (ScheduleID, Date, HallTimeId, MovieId) Values (360, '2022-04-13',52,3);
INSERT INTO schedule (ScheduleID, Date, HallTimeId, MovieId) Values (361, '2022-04-14',52,7);
INSERT INTO schedule (ScheduleID, Date, HallTimeId, MovieId) Values (362, '2022-04-15',52,4);
INSERT INTO schedule (ScheduleID, Date, HallTimeId, MovieId) Values (363, '2022-04-16',52,4);
INSERT INTO schedule (ScheduleID, Date, HallTimeId, MovieId) Values (364, '2022-04-17',52,5);
INSERT INTO schedule (ScheduleID, Date, HallTimeId, MovieId) Values (365, '2022-04-11',53,2);
INSERT INTO schedule (ScheduleID, Date, HallTimeId, MovieId) Values (366, '2022-04-12',53,7);
INSERT INTO schedule (ScheduleID, Date, HallTimeId, MovieId) Values (367, '2022-04-13',53,6);
INSERT INTO schedule (ScheduleID, Date, HallTimeId, MovieId) Values (368, '2022-04-14',53,1);
INSERT INTO schedule (ScheduleID, Date, HallTimeId, MovieId) Values (369, '2022-04-15',53,4);
INSERT INTO schedule (ScheduleID, Date, HallTimeId, MovieId) Values (370, '2022-04-16',53,7);
INSERT INTO schedule (ScheduleID, Date, HallTimeId, MovieId) Values (371, '2022-04-17',53,3);
INSERT INTO schedule (ScheduleID, Date, HallTimeId, MovieId) Values (372, '2022-04-11',54,5);
INSERT INTO schedule (ScheduleID, Date, HallTimeId, MovieId) Values (373, '2022-04-12',54,4);
INSERT INTO schedule (ScheduleID, Date, HallTimeId, MovieId) Values (374, '2022-04-13',54,4);
INSERT INTO schedule (ScheduleID, Date, HallTimeId, MovieId) Values (375, '2022-04-14',54,5);
INSERT INTO schedule (ScheduleID, Date, HallTimeId, MovieId) Values (376, '2022-04-15',54,4);
INSERT INTO schedule (ScheduleID, Date, HallTimeId, MovieId) Values (377, '2022-04-16',54,7);
INSERT INTO schedule (ScheduleID, Date, HallTimeId, MovieId) Values (378, '2022-04-17',54,5);
INSERT INTO schedule (ScheduleID, Date, HallTimeId, MovieId) Values (379, '2022-04-11',55,3);
INSERT INTO schedule (ScheduleID, Date, HallTimeId, MovieId) Values (380, '2022-04-12',55,6);
INSERT INTO schedule (ScheduleID, Date, HallTimeId, MovieId) Values (381, '2022-04-13',55,6);
INSERT INTO schedule (ScheduleID, Date, HallTimeId, MovieId) Values (382, '2022-04-14',55,4);
INSERT INTO schedule (ScheduleID, Date, HallTimeId, MovieId) Values (383, '2022-04-15',55,6);
INSERT INTO schedule (ScheduleID, Date, HallTimeId, MovieId) Values (384, '2022-04-16',55,2);
INSERT INTO schedule (ScheduleID, Date, HallTimeId, MovieId) Values (385, '2022-04-17',55,2);
INSERT INTO schedule (ScheduleID, Date, HallTimeId, MovieId) Values (386, '2022-04-11',56,7);
INSERT INTO schedule (ScheduleID, Date, HallTimeId, MovieId) Values (387, '2022-04-12',56,1);
INSERT INTO schedule (ScheduleID, Date, HallTimeId, MovieId) Values (388, '2022-04-13',56,4);
INSERT INTO schedule (ScheduleID, Date, HallTimeId, MovieId) Values (389, '2022-04-14',56,4);
INSERT INTO schedule (ScheduleID, Date, HallTimeId, MovieId) Values (390, '2022-04-15',56,5);
INSERT INTO schedule (ScheduleID, Date, HallTimeId, MovieId) Values (391, '2022-04-16',56,6);
INSERT INTO schedule (ScheduleID, Date, HallTimeId, MovieId) Values (392, '2022-04-17',56,6);
INSERT INTO schedule (ScheduleID, Date, HallTimeId, MovieId) Values (393, '2022-04-11',57,7);
INSERT INTO schedule (ScheduleID, Date, HallTimeId, MovieId) Values (394, '2022-04-12',57,2);
INSERT INTO schedule (ScheduleID, Date, HallTimeId, MovieId) Values (395, '2022-04-13',57,2);
INSERT INTO schedule (ScheduleID, Date, HallTimeId, MovieId) Values (396, '2022-04-14',57,4);
INSERT INTO schedule (ScheduleID, Date, HallTimeId, MovieId) Values (397, '2022-04-15',57,2);
INSERT INTO schedule (ScheduleID, Date, HallTimeId, MovieId) Values (398, '2022-04-16',57,7);
INSERT INTO schedule (ScheduleID, Date, HallTimeId, MovieId) Values (399, '2022-04-17',57,7);
INSERT INTO schedule (ScheduleID, Date, HallTimeId, MovieId) Values (400, '2022-04-11',58,6);
INSERT INTO schedule (ScheduleID, Date, HallTimeId, MovieId) Values (401, '2022-04-12',58,7);
INSERT INTO schedule (ScheduleID, Date, HallTimeId, MovieId) Values (402, '2022-04-13',58,4);
INSERT INTO schedule (ScheduleID, Date, HallTimeId, MovieId) Values (403, '2022-04-14',58,5);
INSERT INTO schedule (ScheduleID, Date, HallTimeId, MovieId) Values (404, '2022-04-15',58,1);
INSERT INTO schedule (ScheduleID, Date, HallTimeId, MovieId) Values (405, '2022-04-16',58,3);
INSERT INTO schedule (ScheduleID, Date, HallTimeId, MovieId) Values (406, '2022-04-17',58,7);
INSERT INTO schedule (ScheduleID, Date, HallTimeId, MovieId) Values (407, '2022-04-11',59,4);
INSERT INTO schedule (ScheduleID, Date, HallTimeId, MovieId) Values (408, '2022-04-12',59,6);
INSERT INTO schedule (ScheduleID, Date, HallTimeId, MovieId) Values (409, '2022-04-13',59,2);
INSERT INTO schedule (ScheduleID, Date, HallTimeId, MovieId) Values (410, '2022-04-14',59,5);
INSERT INTO schedule (ScheduleID, Date, HallTimeId, MovieId) Values (411, '2022-04-15',59,7);
INSERT INTO schedule (ScheduleID, Date, HallTimeId, MovieId) Values (412, '2022-04-16',59,2);
INSERT INTO schedule (ScheduleID, Date, HallTimeId, MovieId) Values (413, '2022-04-17',59,6);
INSERT INTO schedule (ScheduleID, Date, HallTimeId, MovieId) Values (414, '2022-04-11',60,4);
INSERT INTO schedule (ScheduleID, Date, HallTimeId, MovieId) Values (415, '2022-04-12',60,7);
INSERT INTO schedule (ScheduleID, Date, HallTimeId, MovieId) Values (416, '2022-04-13',60,4);
INSERT INTO schedule (ScheduleID, Date, HallTimeId, MovieId) Values (417, '2022-04-14',60,6);
INSERT INTO schedule (ScheduleID, Date, HallTimeId, MovieId) Values (418, '2022-04-15',60,6);
INSERT INTO schedule (ScheduleID, Date, HallTimeId, MovieId) Values (419, '2022-04-16',60,1);
INSERT INTO schedule (ScheduleID, Date, HallTimeId, MovieId) Values (420, '2022-04-17',60,1);
INSERT INTO schedule (ScheduleID, Date, HallTimeId, MovieId) Values (421, '2022-04-11',61,1);
INSERT INTO schedule (ScheduleID, Date, HallTimeId, MovieId) Values (422, '2022-04-12',61,5);
INSERT INTO schedule (ScheduleID, Date, HallTimeId, MovieId) Values (423, '2022-04-13',61,5);
INSERT INTO schedule (ScheduleID, Date, HallTimeId, MovieId) Values (424, '2022-04-14',61,7);
INSERT INTO schedule (ScheduleID, Date, HallTimeId, MovieId) Values (425, '2022-04-15',61,3);
INSERT INTO schedule (ScheduleID, Date, HallTimeId, MovieId) Values (426, '2022-04-16',61,6);
INSERT INTO schedule (ScheduleID, Date, HallTimeId, MovieId) Values (427, '2022-04-17',61,4);
INSERT INTO schedule (ScheduleID, Date, HallTimeId, MovieId) Values (428, '2022-04-11',62,7);
INSERT INTO schedule (ScheduleID, Date, HallTimeId, MovieId) Values (429, '2022-04-12',62,7);
INSERT INTO schedule (ScheduleID, Date, HallTimeId, MovieId) Values (430, '2022-04-13',62,3);
INSERT INTO schedule (ScheduleID, Date, HallTimeId, MovieId) Values (431, '2022-04-14',62,3);
INSERT INTO schedule (ScheduleID, Date, HallTimeId, MovieId) Values (432, '2022-04-15',62,7);
INSERT INTO schedule (ScheduleID, Date, HallTimeId, MovieId) Values (433, '2022-04-16',62,1);
INSERT INTO schedule (ScheduleID, Date, HallTimeId, MovieId) Values (434, '2022-04-17',62,1);
INSERT INTO schedule (ScheduleID, Date, HallTimeId, MovieId) Values (435, '2022-04-11',63,1);
INSERT INTO schedule (ScheduleID, Date, HallTimeId, MovieId) Values (436, '2022-04-12',63,7);
INSERT INTO schedule (ScheduleID, Date, HallTimeId, MovieId) Values (437, '2022-04-13',63,3);
INSERT INTO schedule (ScheduleID, Date, HallTimeId, MovieId) Values (438, '2022-04-14',63,4);
INSERT INTO schedule (ScheduleID, Date, HallTimeId, MovieId) Values (439, '2022-04-15',63,7);
INSERT INTO schedule (ScheduleID, Date, HallTimeId, MovieId) Values (440, '2022-04-16',63,2);
INSERT INTO schedule (ScheduleID, Date, HallTimeId, MovieId) Values (441, '2022-04-17',63,4);
INSERT INTO schedule (ScheduleID, Date, HallTimeId, MovieId) Values (442, '2022-04-11',64,4);
INSERT INTO schedule (ScheduleID, Date, HallTimeId, MovieId) Values (443, '2022-04-12',64,1);
INSERT INTO schedule (ScheduleID, Date, HallTimeId, MovieId) Values (444, '2022-04-13',64,4);
INSERT INTO schedule (ScheduleID, Date, HallTimeId, MovieId) Values (445, '2022-04-14',64,5);
INSERT INTO schedule (ScheduleID, Date, HallTimeId, MovieId) Values (446, '2022-04-15',64,4);
INSERT INTO schedule (ScheduleID, Date, HallTimeId, MovieId) Values (447, '2022-04-16',64,3);
INSERT INTO schedule (ScheduleID, Date, HallTimeId, MovieId) Values (448, '2022-04-17',64,1);
INSERT INTO schedule (ScheduleID, Date, HallTimeId, MovieId) Values (449, '2022-04-11',65,4);
INSERT INTO schedule (ScheduleID, Date, HallTimeId, MovieId) Values (450, '2022-04-12',65,6);
INSERT INTO schedule (ScheduleID, Date, HallTimeId, MovieId) Values (451, '2022-04-13',65,2);
INSERT INTO schedule (ScheduleID, Date, HallTimeId, MovieId) Values (452, '2022-04-14',65,5);
INSERT INTO schedule (ScheduleID, Date, HallTimeId, MovieId) Values (453, '2022-04-15',65,1);
INSERT INTO schedule (ScheduleID, Date, HallTimeId, MovieId) Values (454, '2022-04-16',65,3);
INSERT INTO schedule (ScheduleID, Date, HallTimeId, MovieId) Values (455, '2022-04-17',65,1);
INSERT INTO schedule (ScheduleID, Date, HallTimeId, MovieId) Values (456, '2022-04-11',66,6);
INSERT INTO schedule (ScheduleID, Date, HallTimeId, MovieId) Values (457, '2022-04-12',66,6);
INSERT INTO schedule (ScheduleID, Date, HallTimeId, MovieId) Values (458, '2022-04-13',66,2);
INSERT INTO schedule (ScheduleID, Date, HallTimeId, MovieId) Values (459, '2022-04-14',66,4);
INSERT INTO schedule (ScheduleID, Date, HallTimeId, MovieId) Values (460, '2022-04-15',66,1);
INSERT INTO schedule (ScheduleID, Date, HallTimeId, MovieId) Values (461, '2022-04-16',66,4);
INSERT INTO schedule (ScheduleID, Date, HallTimeId, MovieId) Values (462, '2022-04-17',66,3);
INSERT INTO schedule (ScheduleID, Date, HallTimeId, MovieId) Values (463, '2022-04-11',67,4);
INSERT INTO schedule (ScheduleID, Date, HallTimeId, MovieId) Values (464, '2022-04-12',67,4);
INSERT INTO schedule (ScheduleID, Date, HallTimeId, MovieId) Values (465, '2022-04-13',67,2);
INSERT INTO schedule (ScheduleID, Date, HallTimeId, MovieId) Values (466, '2022-04-14',67,2);
INSERT INTO schedule (ScheduleID, Date, HallTimeId, MovieId) Values (467, '2022-04-15',67,3);
INSERT INTO schedule (ScheduleID, Date, HallTimeId, MovieId) Values (468, '2022-04-16',67,1);
INSERT INTO schedule (ScheduleID, Date, HallTimeId, MovieId) Values (469, '2022-04-17',67,6);
INSERT INTO schedule (ScheduleID, Date, HallTimeId, MovieId) Values (470, '2022-04-11',68,1);
INSERT INTO schedule (ScheduleID, Date, HallTimeId, MovieId) Values (471, '2022-04-12',68,6);
INSERT INTO schedule (ScheduleID, Date, HallTimeId, MovieId) Values (472, '2022-04-13',68,5);
INSERT INTO schedule (ScheduleID, Date, HallTimeId, MovieId) Values (473, '2022-04-14',68,7);
INSERT INTO schedule (ScheduleID, Date, HallTimeId, MovieId) Values (474, '2022-04-15',68,1);
INSERT INTO schedule (ScheduleID, Date, HallTimeId, MovieId) Values (475, '2022-04-16',68,7);
INSERT INTO schedule (ScheduleID, Date, HallTimeId, MovieId) Values (476, '2022-04-17',68,3);
INSERT INTO schedule (ScheduleID, Date, HallTimeId, MovieId) Values (477, '2022-04-11',69,2);
INSERT INTO schedule (ScheduleID, Date, HallTimeId, MovieId) Values (478, '2022-04-12',69,7);
INSERT INTO schedule (ScheduleID, Date, HallTimeId, MovieId) Values (479, '2022-04-13',69,1);
INSERT INTO schedule (ScheduleID, Date, HallTimeId, MovieId) Values (480, '2022-04-14',69,1);
INSERT INTO schedule (ScheduleID, Date, HallTimeId, MovieId) Values (481, '2022-04-15',69,6);
INSERT INTO schedule (ScheduleID, Date, HallTimeId, MovieId) Values (482, '2022-04-16',69,1);
INSERT INTO schedule (ScheduleID, Date, HallTimeId, MovieId) Values (483, '2022-04-17',69,2);
INSERT INTO schedule (ScheduleID, Date, HallTimeId, MovieId) Values (484, '2022-04-11',70,5);
INSERT INTO schedule (ScheduleID, Date, HallTimeId, MovieId) Values (485, '2022-04-12',70,2);
INSERT INTO schedule (ScheduleID, Date, HallTimeId, MovieId) Values (486, '2022-04-13',70,5);
INSERT INTO schedule (ScheduleID, Date, HallTimeId, MovieId) Values (487, '2022-04-14',70,4);
INSERT INTO schedule (ScheduleID, Date, HallTimeId, MovieId) Values (488, '2022-04-15',70,4);
INSERT INTO schedule (ScheduleID, Date, HallTimeId, MovieId) Values (489, '2022-04-16',70,4);
INSERT INTO schedule (ScheduleID, Date, HallTimeId, MovieId) Values (490, '2022-04-17',70,4);
INSERT INTO schedule (ScheduleID, Date, HallTimeId, MovieId) Values (491, '2022-04-11',71,3);
INSERT INTO schedule (ScheduleID, Date, HallTimeId, MovieId) Values (492, '2022-04-12',71,6);
INSERT INTO schedule (ScheduleID, Date, HallTimeId, MovieId) Values (493, '2022-04-13',71,7);
INSERT INTO schedule (ScheduleID, Date, HallTimeId, MovieId) Values (494, '2022-04-14',71,4);
INSERT INTO schedule (ScheduleID, Date, HallTimeId, MovieId) Values (495, '2022-04-15',71,3);
INSERT INTO schedule (ScheduleID, Date, HallTimeId, MovieId) Values (496, '2022-04-16',71,6);
INSERT INTO schedule (ScheduleID, Date, HallTimeId, MovieId) Values (497, '2022-04-17',71,5);
INSERT INTO schedule (ScheduleID, Date, HallTimeId, MovieId) Values (498, '2022-04-11',72,5);
INSERT INTO schedule (ScheduleID, Date, HallTimeId, MovieId) Values (499, '2022-04-12',72,4);
INSERT INTO schedule (ScheduleID, Date, HallTimeId, MovieId) Values (500, '2022-04-13',72,7);
INSERT INTO schedule (ScheduleID, Date, HallTimeId, MovieId) Values (501, '2022-04-14',72,6);
INSERT INTO schedule (ScheduleID, Date, HallTimeId, MovieId) Values (502, '2022-04-15',72,7);
INSERT INTO schedule (ScheduleID, Date, HallTimeId, MovieId) Values (503, '2022-04-16',72,6);
INSERT INTO schedule (ScheduleID, Date, HallTimeId, MovieId) Values (504, '2022-04-17',72,4);
INSERT INTO schedule (ScheduleID, Date, HallTimeId, MovieId) Values (505, '2022-04-11',73,4);
INSERT INTO schedule (ScheduleID, Date, HallTimeId, MovieId) Values (506, '2022-04-12',73,5);
INSERT INTO schedule (ScheduleID, Date, HallTimeId, MovieId) Values (507, '2022-04-13',73,2);
INSERT INTO schedule (ScheduleID, Date, HallTimeId, MovieId) Values (508, '2022-04-14',73,1);
INSERT INTO schedule (ScheduleID, Date, HallTimeId, MovieId) Values (509, '2022-04-15',73,1);
INSERT INTO schedule (ScheduleID, Date, HallTimeId, MovieId) Values (510, '2022-04-16',73,3);
INSERT INTO schedule (ScheduleID, Date, HallTimeId, MovieId) Values (511, '2022-04-17',73,5);
INSERT INTO schedule (ScheduleID, Date, HallTimeId, MovieId) Values (512, '2022-04-11',74,1);
INSERT INTO schedule (ScheduleID, Date, HallTimeId, MovieId) Values (513, '2022-04-12',74,1);
INSERT INTO schedule (ScheduleID, Date, HallTimeId, MovieId) Values (514, '2022-04-13',74,2);
INSERT INTO schedule (ScheduleID, Date, HallTimeId, MovieId) Values (515, '2022-04-14',74,7);
INSERT INTO schedule (ScheduleID, Date, HallTimeId, MovieId) Values (516, '2022-04-15',74,3);
INSERT INTO schedule (ScheduleID, Date, HallTimeId, MovieId) Values (517, '2022-04-16',74,3);
INSERT INTO schedule (ScheduleID, Date, HallTimeId, MovieId) Values (518, '2022-04-17',74,5);
INSERT INTO schedule (ScheduleID, Date, HallTimeId, MovieId) Values (519, '2022-04-11',75,5);
INSERT INTO schedule (ScheduleID, Date, HallTimeId, MovieId) Values (520, '2022-04-12',75,1);
INSERT INTO schedule (ScheduleID, Date, HallTimeId, MovieId) Values (521, '2022-04-13',75,6);
INSERT INTO schedule (ScheduleID, Date, HallTimeId, MovieId) Values (522, '2022-04-14',75,2);
INSERT INTO schedule (ScheduleID, Date, HallTimeId, MovieId) Values (523, '2022-04-15',75,7);
INSERT INTO schedule (ScheduleID, Date, HallTimeId, MovieId) Values (524, '2022-04-16',75,6);
INSERT INTO schedule (ScheduleID, Date, HallTimeId, MovieId) Values (525, '2022-04-17',75,4);
INSERT INTO schedule (ScheduleID, Date, HallTimeId, MovieId) Values (526, '2022-04-11',76,2);
INSERT INTO schedule (ScheduleID, Date, HallTimeId, MovieId) Values (527, '2022-04-12',76,1);
INSERT INTO schedule (ScheduleID, Date, HallTimeId, MovieId) Values (528, '2022-04-13',76,4);
INSERT INTO schedule (ScheduleID, Date, HallTimeId, MovieId) Values (529, '2022-04-14',76,2);
INSERT INTO schedule (ScheduleID, Date, HallTimeId, MovieId) Values (530, '2022-04-15',76,7);
INSERT INTO schedule (ScheduleID, Date, HallTimeId, MovieId) Values (531, '2022-04-16',76,6);
INSERT INTO schedule (ScheduleID, Date, HallTimeId, MovieId) Values (532, '2022-04-17',76,1);
INSERT INTO schedule (ScheduleID, Date, HallTimeId, MovieId) Values (533, '2022-04-11',77,6);
INSERT INTO schedule (ScheduleID, Date, HallTimeId, MovieId) Values (534, '2022-04-12',77,5);
INSERT INTO schedule (ScheduleID, Date, HallTimeId, MovieId) Values (535, '2022-04-13',77,4);
INSERT INTO schedule (ScheduleID, Date, HallTimeId, MovieId) Values (536, '2022-04-14',77,4);
INSERT INTO schedule (ScheduleID, Date, HallTimeId, MovieId) Values (537, '2022-04-15',77,6);
INSERT INTO schedule (ScheduleID, Date, HallTimeId, MovieId) Values (538, '2022-04-16',77,6);
INSERT INTO schedule (ScheduleID, Date, HallTimeId, MovieId) Values (539, '2022-04-17',77,3);
INSERT INTO schedule (ScheduleID, Date, HallTimeId, MovieId) Values (540, '2022-04-11',78,7);
INSERT INTO schedule (ScheduleID, Date, HallTimeId, MovieId) Values (541, '2022-04-12',78,4);
INSERT INTO schedule (ScheduleID, Date, HallTimeId, MovieId) Values (542, '2022-04-13',78,2);
INSERT INTO schedule (ScheduleID, Date, HallTimeId, MovieId) Values (543, '2022-04-14',78,3);
INSERT INTO schedule (ScheduleID, Date, HallTimeId, MovieId) Values (544, '2022-04-15',78,4);
INSERT INTO schedule (ScheduleID, Date, HallTimeId, MovieId) Values (545, '2022-04-16',78,2);
INSERT INTO schedule (ScheduleID, Date, HallTimeId, MovieId) Values (546, '2022-04-17',78,1);
INSERT INTO schedule (ScheduleID, Date, HallTimeId, MovieId) Values (547, '2022-04-11',79,7);
INSERT INTO schedule (ScheduleID, Date, HallTimeId, MovieId) Values (548, '2022-04-12',79,5);
INSERT INTO schedule (ScheduleID, Date, HallTimeId, MovieId) Values (549, '2022-04-13',79,5);
INSERT INTO schedule (ScheduleID, Date, HallTimeId, MovieId) Values (550, '2022-04-14',79,7);
INSERT INTO schedule (ScheduleID, Date, HallTimeId, MovieId) Values (551, '2022-04-15',79,4);
INSERT INTO schedule (ScheduleID, Date, HallTimeId, MovieId) Values (552, '2022-04-16',79,4);
INSERT INTO schedule (ScheduleID, Date, HallTimeId, MovieId) Values (553, '2022-04-17',79,5);
INSERT INTO schedule (ScheduleID, Date, HallTimeId, MovieId) Values (554, '2022-04-11',80,3);
INSERT INTO schedule (ScheduleID, Date, HallTimeId, MovieId) Values (555, '2022-04-12',80,3);
INSERT INTO schedule (ScheduleID, Date, HallTimeId, MovieId) Values (556, '2022-04-13',80,1);
INSERT INTO schedule (ScheduleID, Date, HallTimeId, MovieId) Values (557, '2022-04-14',80,7);
INSERT INTO schedule (ScheduleID, Date, HallTimeId, MovieId) Values (558, '2022-04-15',80,3);
INSERT INTO schedule (ScheduleID, Date, HallTimeId, MovieId) Values (559, '2022-04-16',80,3);
INSERT INTO schedule (ScheduleID, Date, HallTimeId, MovieId) Values (560, '2022-04-17',80,6);
INSERT INTO schedule (ScheduleID, Date, HallTimeId, MovieId) Values (561, '2022-04-11',81,3);
INSERT INTO schedule (ScheduleID, Date, HallTimeId, MovieId) Values (562, '2022-04-12',81,5);
INSERT INTO schedule (ScheduleID, Date, HallTimeId, MovieId) Values (563, '2022-04-13',81,5);
INSERT INTO schedule (ScheduleID, Date, HallTimeId, MovieId) Values (564, '2022-04-14',81,4);
INSERT INTO schedule (ScheduleID, Date, HallTimeId, MovieId) Values (565, '2022-04-15',81,7);
INSERT INTO schedule (ScheduleID, Date, HallTimeId, MovieId) Values (566, '2022-04-16',81,7);
INSERT INTO schedule (ScheduleID, Date, HallTimeId, MovieId) Values (567, '2022-04-17',81,7);
INSERT INTO schedule (ScheduleID, Date, HallTimeId, MovieId) Values (568, '2022-04-11',82,5);
INSERT INTO schedule (ScheduleID, Date, HallTimeId, MovieId) Values (569, '2022-04-12',82,3);
INSERT INTO schedule (ScheduleID, Date, HallTimeId, MovieId) Values (570, '2022-04-13',82,1);
INSERT INTO schedule (ScheduleID, Date, HallTimeId, MovieId) Values (571, '2022-04-14',82,6);
INSERT INTO schedule (ScheduleID, Date, HallTimeId, MovieId) Values (572, '2022-04-15',82,1);
INSERT INTO schedule (ScheduleID, Date, HallTimeId, MovieId) Values (573, '2022-04-16',82,5);
INSERT INTO schedule (ScheduleID, Date, HallTimeId, MovieId) Values (574, '2022-04-17',82,7);
INSERT INTO schedule (ScheduleID, Date, HallTimeId, MovieId) Values (575, '2022-04-11',83,4);
INSERT INTO schedule (ScheduleID, Date, HallTimeId, MovieId) Values (576, '2022-04-12',83,6);
INSERT INTO schedule (ScheduleID, Date, HallTimeId, MovieId) Values (577, '2022-04-13',83,3);
INSERT INTO schedule (ScheduleID, Date, HallTimeId, MovieId) Values (578, '2022-04-14',83,2);
INSERT INTO schedule (ScheduleID, Date, HallTimeId, MovieId) Values (579, '2022-04-15',83,4);
INSERT INTO schedule (ScheduleID, Date, HallTimeId, MovieId) Values (580, '2022-04-16',83,2);
INSERT INTO schedule (ScheduleID, Date, HallTimeId, MovieId) Values (581, '2022-04-17',83,2);
INSERT INTO schedule (ScheduleID, Date, HallTimeId, MovieId) Values (582, '2022-04-11',84,6);
INSERT INTO schedule (ScheduleID, Date, HallTimeId, MovieId) Values (583, '2022-04-12',84,7);
INSERT INTO schedule (ScheduleID, Date, HallTimeId, MovieId) Values (584, '2022-04-13',84,3);
INSERT INTO schedule (ScheduleID, Date, HallTimeId, MovieId) Values (585, '2022-04-14',84,6);
INSERT INTO schedule (ScheduleID, Date, HallTimeId, MovieId) Values (586, '2022-04-15',84,3);
INSERT INTO schedule (ScheduleID, Date, HallTimeId, MovieId) Values (587, '2022-04-16',84,2);
INSERT INTO schedule (ScheduleID, Date, HallTimeId, MovieId) Values (588, '2022-04-17',84,7);
INSERT INTO schedule (ScheduleID, Date, HallTimeId, MovieId) Values (589, '2022-04-11',85,1);
INSERT INTO schedule (ScheduleID, Date, HallTimeId, MovieId) Values (590, '2022-04-12',85,2);
INSERT INTO schedule (ScheduleID, Date, HallTimeId, MovieId) Values (591, '2022-04-13',85,7);
INSERT INTO schedule (ScheduleID, Date, HallTimeId, MovieId) Values (592, '2022-04-14',85,3);
INSERT INTO schedule (ScheduleID, Date, HallTimeId, MovieId) Values (593, '2022-04-15',85,4);
INSERT INTO schedule (ScheduleID, Date, HallTimeId, MovieId) Values (594, '2022-04-16',85,7);
INSERT INTO schedule (ScheduleID, Date, HallTimeId, MovieId) Values (595, '2022-04-17',85,6);
INSERT INTO schedule (ScheduleID, Date, HallTimeId, MovieId) Values (596, '2022-04-11',86,3);
INSERT INTO schedule (ScheduleID, Date, HallTimeId, MovieId) Values (597, '2022-04-12',86,1);
INSERT INTO schedule (ScheduleID, Date, HallTimeId, MovieId) Values (598, '2022-04-13',86,2);
INSERT INTO schedule (ScheduleID, Date, HallTimeId, MovieId) Values (599, '2022-04-14',86,4);
INSERT INTO schedule (ScheduleID, Date, HallTimeId, MovieId) Values (600, '2022-04-15',86,6);
INSERT INTO schedule (ScheduleID, Date, HallTimeId, MovieId) Values (601, '2022-04-16',86,4);
INSERT INTO schedule (ScheduleID, Date, HallTimeId, MovieId) Values (602, '2022-04-17',86,6);
INSERT INTO schedule (ScheduleID, Date, HallTimeId, MovieId) Values (603, '2022-04-11',87,1);
INSERT INTO schedule (ScheduleID, Date, HallTimeId, MovieId) Values (604, '2022-04-12',87,1);
INSERT INTO schedule (ScheduleID, Date, HallTimeId, MovieId) Values (605, '2022-04-13',87,1);
INSERT INTO schedule (ScheduleID, Date, HallTimeId, MovieId) Values (606, '2022-04-14',87,7);
INSERT INTO schedule (ScheduleID, Date, HallTimeId, MovieId) Values (607, '2022-04-15',87,6);
INSERT INTO schedule (ScheduleID, Date, HallTimeId, MovieId) Values (608, '2022-04-16',87,4);
INSERT INTO schedule (ScheduleID, Date, HallTimeId, MovieId) Values (609, '2022-04-17',87,7);
INSERT INTO schedule (ScheduleID, Date, HallTimeId, MovieId) Values (610, '2022-04-11',88,3);
INSERT INTO schedule (ScheduleID, Date, HallTimeId, MovieId) Values (611, '2022-04-12',88,2);
INSERT INTO schedule (ScheduleID, Date, HallTimeId, MovieId) Values (612, '2022-04-13',88,7);
INSERT INTO schedule (ScheduleID, Date, HallTimeId, MovieId) Values (613, '2022-04-14',88,2);
INSERT INTO schedule (ScheduleID, Date, HallTimeId, MovieId) Values (614, '2022-04-15',88,1);
INSERT INTO schedule (ScheduleID, Date, HallTimeId, MovieId) Values (615, '2022-04-16',88,7);
INSERT INTO schedule (ScheduleID, Date, HallTimeId, MovieId) Values (616, '2022-04-17',88,4);
--
INSERT INTO ClassSeats (SeatID, HallClassID, SeatLabel) VALUES (1, 1, '1');
INSERT INTO ClassSeats (SeatID, HallClassID, SeatLabel) VALUES (2, 1, '2');
INSERT INTO ClassSeats (SeatID, HallClassID, SeatLabel) VALUES (3, 1, '3');
INSERT INTO ClassSeats (SeatID, HallClassID, SeatLabel) VALUES (4, 1, '4');
INSERT INTO ClassSeats (SeatID, HallClassID, SeatLabel) VALUES (5, 1, '5');
INSERT INTO ClassSeats (SeatID, HallClassID, SeatLabel) VALUES (6, 1, '6');
INSERT INTO ClassSeats (SeatID, HallClassID, SeatLabel) VALUES (7, 1, '7');
INSERT INTO ClassSeats (SeatID, HallClassID, SeatLabel) VALUES (8, 1, '8');
INSERT INTO ClassSeats (SeatID, HallClassID, SeatLabel) VALUES (9, 1, '9');
INSERT INTO ClassSeats (SeatID, HallClassID, SeatLabel) VALUES (10, 1, '10');
INSERT INTO ClassSeats (SeatID, HallClassID, SeatLabel) VALUES (11, 1, '11');
INSERT INTO ClassSeats (SeatID, HallClassID, SeatLabel) VALUES (12, 1, '12');
INSERT INTO ClassSeats (SeatID, HallClassID, SeatLabel) VALUES (13, 1, '13');
INSERT INTO ClassSeats (SeatID, HallClassID, SeatLabel) VALUES (14, 1, '14');
INSERT INTO ClassSeats (SeatID, HallClassID, SeatLabel) VALUES (15, 1, '15');
INSERT INTO ClassSeats (SeatID, HallClassID, SeatLabel) VALUES (16, 1, '16');
INSERT INTO ClassSeats (SeatID, HallClassID, SeatLabel) VALUES (17, 1, '17');
INSERT INTO ClassSeats (SeatID, HallClassID, SeatLabel) VALUES (18, 1, '18');
INSERT INTO ClassSeats (SeatID, HallClassID, SeatLabel) VALUES (19, 1, '19');
INSERT INTO ClassSeats (SeatID, HallClassID, SeatLabel) VALUES (20, 1, '20');
INSERT INTO ClassSeats (SeatID, HallClassID, SeatLabel) VALUES (21, 1, '21');
INSERT INTO ClassSeats (SeatID, HallClassID, SeatLabel) VALUES (22, 1, '22');
INSERT INTO ClassSeats (SeatID, HallClassID, SeatLabel) VALUES (23, 1, '23');
INSERT INTO ClassSeats (SeatID, HallClassID, SeatLabel) VALUES (24, 1, '24');
INSERT INTO ClassSeats (SeatID, HallClassID, SeatLabel) VALUES (25, 1, '25');
INSERT INTO ClassSeats (SeatID, HallClassID, SeatLabel) VALUES (26, 1, '26');
INSERT INTO ClassSeats (SeatID, HallClassID, SeatLabel) VALUES (27, 2, '1');
INSERT INTO ClassSeats (SeatID, HallClassID, SeatLabel) VALUES (28, 2, '2');
INSERT INTO ClassSeats (SeatID, HallClassID, SeatLabel) VALUES (29, 2, '3');
INSERT INTO ClassSeats (SeatID, HallClassID, SeatLabel) VALUES (30, 2, '4');
INSERT INTO ClassSeats (SeatID, HallClassID, SeatLabel) VALUES (31, 2, '5');
INSERT INTO ClassSeats (SeatID, HallClassID, SeatLabel) VALUES (32, 2, '6');
INSERT INTO ClassSeats (SeatID, HallClassID, SeatLabel) VALUES (33, 2, '7');
INSERT INTO ClassSeats (SeatID, HallClassID, SeatLabel) VALUES (34, 2, '8');
INSERT INTO ClassSeats (SeatID, HallClassID, SeatLabel) VALUES (35, 2, '9');
INSERT INTO ClassSeats (SeatID, HallClassID, SeatLabel) VALUES (36, 2, '10');
INSERT INTO ClassSeats (SeatID, HallClassID, SeatLabel) VALUES (37, 2, '11');
INSERT INTO ClassSeats (SeatID, HallClassID, SeatLabel) VALUES (38, 2, '12');
INSERT INTO ClassSeats (SeatID, HallClassID, SeatLabel) VALUES (39, 2, '13');
INSERT INTO ClassSeats (SeatID, HallClassID, SeatLabel) VALUES (40, 2, '14');
INSERT INTO ClassSeats (SeatID, HallClassID, SeatLabel) VALUES (41, 2, '15');
INSERT INTO ClassSeats (SeatID, HallClassID, SeatLabel) VALUES (42, 2, '16');
INSERT INTO ClassSeats (SeatID, HallClassID, SeatLabel) VALUES (43, 2, '17');
INSERT INTO ClassSeats (SeatID, HallClassID, SeatLabel) VALUES (44, 2, '18');
INSERT INTO ClassSeats (SeatID, HallClassID, SeatLabel) VALUES (45, 2, '19');
INSERT INTO ClassSeats (SeatID, HallClassID, SeatLabel) VALUES (46, 2, '20');
INSERT INTO ClassSeats (SeatID, HallClassID, SeatLabel) VALUES (47, 2, '21');
INSERT INTO ClassSeats (SeatID, HallClassID, SeatLabel) VALUES (48, 2, '22');
INSERT INTO ClassSeats (SeatID, HallClassID, SeatLabel) VALUES (49, 2, '23');
INSERT INTO ClassSeats (SeatID, HallClassID, SeatLabel) VALUES (50, 2, '24');
INSERT INTO ClassSeats (SeatID, HallClassID, SeatLabel) VALUES (51, 2, '25');
INSERT INTO ClassSeats (SeatID, HallClassID, SeatLabel) VALUES (52, 2, '26');
INSERT INTO ClassSeats (SeatID, HallClassID, SeatLabel) VALUES (53, 2, '27');
INSERT INTO ClassSeats (SeatID, HallClassID, SeatLabel) VALUES (54, 2, '28');
INSERT INTO ClassSeats (SeatID, HallClassID, SeatLabel) VALUES (55, 2, '29');
INSERT INTO ClassSeats (SeatID, HallClassID, SeatLabel) VALUES (56, 2, '30');
INSERT INTO ClassSeats (SeatID, HallClassID, SeatLabel) VALUES (57, 2, '31');
INSERT INTO ClassSeats (SeatID, HallClassID, SeatLabel) VALUES (58, 2, '32');
INSERT INTO ClassSeats (SeatID, HallClassID, SeatLabel) VALUES (59, 2, '33');
INSERT INTO ClassSeats (SeatID, HallClassID, SeatLabel) VALUES (60, 2, '34');
INSERT INTO ClassSeats (SeatID, HallClassID, SeatLabel) VALUES (61, 2, '35');
INSERT INTO ClassSeats (SeatID, HallClassID, SeatLabel) VALUES (62, 2, '36');
INSERT INTO ClassSeats (SeatID, HallClassID, SeatLabel) VALUES (63, 2, '37');
INSERT INTO ClassSeats (SeatID, HallClassID, SeatLabel) VALUES (64, 2, '38');
INSERT INTO ClassSeats (SeatID, HallClassID, SeatLabel) VALUES (65, 2, '39');
INSERT INTO ClassSeats (SeatID, HallClassID, SeatLabel) VALUES (66, 3, '1');
INSERT INTO ClassSeats (SeatID, HallClassID, SeatLabel) VALUES (67, 3, '2');
INSERT INTO ClassSeats (SeatID, HallClassID, SeatLabel) VALUES (68, 3, '3');
INSERT INTO ClassSeats (SeatID, HallClassID, SeatLabel) VALUES (69, 3, '4');
INSERT INTO ClassSeats (SeatID, HallClassID, SeatLabel) VALUES (70, 3, '5');
INSERT INTO ClassSeats (SeatID, HallClassID, SeatLabel) VALUES (71, 3, '6');
INSERT INTO ClassSeats (SeatID, HallClassID, SeatLabel) VALUES (72, 3, '7');
INSERT INTO ClassSeats (SeatID, HallClassID, SeatLabel) VALUES (73, 3, '8');
INSERT INTO ClassSeats (SeatID, HallClassID, SeatLabel) VALUES (74, 3, '9');
INSERT INTO ClassSeats (SeatID, HallClassID, SeatLabel) VALUES (75, 3, '10');
INSERT INTO ClassSeats (SeatID, HallClassID, SeatLabel) VALUES (76, 3, '11');
INSERT INTO ClassSeats (SeatID, HallClassID, SeatLabel) VALUES (77, 3, '12');
INSERT INTO ClassSeats (SeatID, HallClassID, SeatLabel) VALUES (78, 3, '13');
INSERT INTO ClassSeats (SeatID, HallClassID, SeatLabel) VALUES (79, 3, '14');
INSERT INTO ClassSeats (SeatID, HallClassID, SeatLabel) VALUES (80, 3, '15');
INSERT INTO ClassSeats (SeatID, HallClassID, SeatLabel) VALUES (81, 3, '16');
INSERT INTO ClassSeats (SeatID, HallClassID, SeatLabel) VALUES (82, 3, '17');
INSERT INTO ClassSeats (SeatID, HallClassID, SeatLabel) VALUES (83, 3, '18');
INSERT INTO ClassSeats (SeatID, HallClassID, SeatLabel) VALUES (84, 3, '19');
INSERT INTO ClassSeats (SeatID, HallClassID, SeatLabel) VALUES (85, 3, '20');
INSERT INTO ClassSeats (SeatID, HallClassID, SeatLabel) VALUES (86, 4, '1');
INSERT INTO ClassSeats (SeatID, HallClassID, SeatLabel) VALUES (87, 4, '2');
INSERT INTO ClassSeats (SeatID, HallClassID, SeatLabel) VALUES (88, 4, '3');
INSERT INTO ClassSeats (SeatID, HallClassID, SeatLabel) VALUES (89, 4, '4');
INSERT INTO ClassSeats (SeatID, HallClassID, SeatLabel) VALUES (90, 4, '5');
INSERT INTO ClassSeats (SeatID, HallClassID, SeatLabel) VALUES (91, 4, '6');
INSERT INTO ClassSeats (SeatID, HallClassID, SeatLabel) VALUES (92, 4, '7');
INSERT INTO ClassSeats (SeatID, HallClassID, SeatLabel) VALUES (93, 4, '8');
INSERT INTO ClassSeats (SeatID, HallClassID, SeatLabel) VALUES (94, 4, '9');
INSERT INTO ClassSeats (SeatID, HallClassID, SeatLabel) VALUES (95, 4, '10');
INSERT INTO ClassSeats (SeatID, HallClassID, SeatLabel) VALUES (96, 4, '11');
INSERT INTO ClassSeats (SeatID, HallClassID, SeatLabel) VALUES (97, 4, '12');
INSERT INTO ClassSeats (SeatID, HallClassID, SeatLabel) VALUES (98, 4, '13');
INSERT INTO ClassSeats (SeatID, HallClassID, SeatLabel) VALUES (99, 4, '14');
INSERT INTO ClassSeats (SeatID, HallClassID, SeatLabel) VALUES (100, 4, '15');
INSERT INTO ClassSeats (SeatID, HallClassID, SeatLabel) VALUES (101, 4, '16');
INSERT INTO ClassSeats (SeatID, HallClassID, SeatLabel) VALUES (102, 4, '17');
INSERT INTO ClassSeats (SeatID, HallClassID, SeatLabel) VALUES (103, 4, '18');
INSERT INTO ClassSeats (SeatID, HallClassID, SeatLabel) VALUES (104, 4, '19');
INSERT INTO ClassSeats (SeatID, HallClassID, SeatLabel) VALUES (105, 4, '20');
INSERT INTO ClassSeats (SeatID, HallClassID, SeatLabel) VALUES (106, 4, '21');
INSERT INTO ClassSeats (SeatID, HallClassID, SeatLabel) VALUES (107, 4, '22');
INSERT INTO ClassSeats (SeatID, HallClassID, SeatLabel) VALUES (108, 4, '23');
INSERT INTO ClassSeats (SeatID, HallClassID, SeatLabel) VALUES (109, 4, '24');
INSERT INTO ClassSeats (SeatID, HallClassID, SeatLabel) VALUES (110, 4, '25');
INSERT INTO ClassSeats (SeatID, HallClassID, SeatLabel) VALUES (111, 4, '26');
INSERT INTO ClassSeats (SeatID, HallClassID, SeatLabel) VALUES (112, 4, '27');
INSERT INTO ClassSeats (SeatID, HallClassID, SeatLabel) VALUES (113, 4, '28');
INSERT INTO ClassSeats (SeatID, HallClassID, SeatLabel) VALUES (114, 4, '29');
INSERT INTO ClassSeats (SeatID, HallClassID, SeatLabel) VALUES (115, 4, '30');
INSERT INTO ClassSeats (SeatID, HallClassID, SeatLabel) VALUES (116, 4, '31');
INSERT INTO ClassSeats (SeatID, HallClassID, SeatLabel) VALUES (117, 4, '32');
INSERT INTO ClassSeats (SeatID, HallClassID, SeatLabel) VALUES (118, 5, '1');
INSERT INTO ClassSeats (SeatID, HallClassID, SeatLabel) VALUES (119, 5, '2');
INSERT INTO ClassSeats (SeatID, HallClassID, SeatLabel) VALUES (120, 5, '3');
INSERT INTO ClassSeats (SeatID, HallClassID, SeatLabel) VALUES (121, 5, '4');
INSERT INTO ClassSeats (SeatID, HallClassID, SeatLabel) VALUES (122, 5, '5');
INSERT INTO ClassSeats (SeatID, HallClassID, SeatLabel) VALUES (123, 5, '6');
INSERT INTO ClassSeats (SeatID, HallClassID, SeatLabel) VALUES (124, 5, '7');
INSERT INTO ClassSeats (SeatID, HallClassID, SeatLabel) VALUES (125, 5, '8');
INSERT INTO ClassSeats (SeatID, HallClassID, SeatLabel) VALUES (126, 5, '9');
INSERT INTO ClassSeats (SeatID, HallClassID, SeatLabel) VALUES (127, 5, '10');
INSERT INTO ClassSeats (SeatID, HallClassID, SeatLabel) VALUES (128, 5, '11');
INSERT INTO ClassSeats (SeatID, HallClassID, SeatLabel) VALUES (129, 5, '12');
INSERT INTO ClassSeats (SeatID, HallClassID, SeatLabel) VALUES (130, 5, '13');
INSERT INTO ClassSeats (SeatID, HallClassID, SeatLabel) VALUES (131, 5, '14');
INSERT INTO ClassSeats (SeatID, HallClassID, SeatLabel) VALUES (132, 5, '15');
INSERT INTO ClassSeats (SeatID, HallClassID, SeatLabel) VALUES (133, 5, '16');
INSERT INTO ClassSeats (SeatID, HallClassID, SeatLabel) VALUES (134, 5, '17');
INSERT INTO ClassSeats (SeatID, HallClassID, SeatLabel) VALUES (135, 5, '18');
INSERT INTO ClassSeats (SeatID, HallClassID, SeatLabel) VALUES (136, 5, '19');
INSERT INTO ClassSeats (SeatID, HallClassID, SeatLabel) VALUES (137, 5, '20');
INSERT INTO ClassSeats (SeatID, HallClassID, SeatLabel) VALUES (138, 5, '21');
INSERT INTO ClassSeats (SeatID, HallClassID, SeatLabel) VALUES (139, 5, '22');
INSERT INTO ClassSeats (SeatID, HallClassID, SeatLabel) VALUES (140, 5, '23');
INSERT INTO ClassSeats (SeatID, HallClassID, SeatLabel) VALUES (141, 5, '24');
INSERT INTO ClassSeats (SeatID, HallClassID, SeatLabel) VALUES (142, 5, '25');
INSERT INTO ClassSeats (SeatID, HallClassID, SeatLabel) VALUES (143, 5, '26');
INSERT INTO ClassSeats (SeatID, HallClassID, SeatLabel) VALUES (144, 5, '27');
INSERT INTO ClassSeats (SeatID, HallClassID, SeatLabel) VALUES (145, 5, '28');
INSERT INTO ClassSeats (SeatID, HallClassID, SeatLabel) VALUES (146, 5, '29');
INSERT INTO ClassSeats (SeatID, HallClassID, SeatLabel) VALUES (147, 5, '30');
INSERT INTO ClassSeats (SeatID, HallClassID, SeatLabel) VALUES (148, 5, '31');
INSERT INTO ClassSeats (SeatID, HallClassID, SeatLabel) VALUES (149, 5, '32');
INSERT INTO ClassSeats (SeatID, HallClassID, SeatLabel) VALUES (150, 5, '33');
INSERT INTO ClassSeats (SeatID, HallClassID, SeatLabel) VALUES (151, 5, '34');
INSERT INTO ClassSeats (SeatID, HallClassID, SeatLabel) VALUES (152, 5, '35');
INSERT INTO ClassSeats (SeatID, HallClassID, SeatLabel) VALUES (153, 5, '36');
INSERT INTO ClassSeats (SeatID, HallClassID, SeatLabel) VALUES (154, 6, '1');
INSERT INTO ClassSeats (SeatID, HallClassID, SeatLabel) VALUES (155, 6, '2');
INSERT INTO ClassSeats (SeatID, HallClassID, SeatLabel) VALUES (156, 6, '3');
INSERT INTO ClassSeats (SeatID, HallClassID, SeatLabel) VALUES (157, 6, '4');
INSERT INTO ClassSeats (SeatID, HallClassID, SeatLabel) VALUES (158, 6, '5');
INSERT INTO ClassSeats (SeatID, HallClassID, SeatLabel) VALUES (159, 6, '6');
INSERT INTO ClassSeats (SeatID, HallClassID, SeatLabel) VALUES (160, 6, '7');
INSERT INTO ClassSeats (SeatID, HallClassID, SeatLabel) VALUES (161, 6, '8');
INSERT INTO ClassSeats (SeatID, HallClassID, SeatLabel) VALUES (162, 6, '9');
INSERT INTO ClassSeats (SeatID, HallClassID, SeatLabel) VALUES (163, 6, '10');
INSERT INTO ClassSeats (SeatID, HallClassID, SeatLabel) VALUES (164, 6, '11');
INSERT INTO ClassSeats (SeatID, HallClassID, SeatLabel) VALUES (165, 6, '12');
INSERT INTO ClassSeats (SeatID, HallClassID, SeatLabel) VALUES (166, 6, '13');
INSERT INTO ClassSeats (SeatID, HallClassID, SeatLabel) VALUES (167, 6, '14');
INSERT INTO ClassSeats (SeatID, HallClassID, SeatLabel) VALUES (168, 6, '15');
INSERT INTO ClassSeats (SeatID, HallClassID, SeatLabel) VALUES (169, 6, '16');
INSERT INTO ClassSeats (SeatID, HallClassID, SeatLabel) VALUES (170, 6, '17');
INSERT INTO ClassSeats (SeatID, HallClassID, SeatLabel) VALUES (171, 6, '18');
INSERT INTO ClassSeats (SeatID, HallClassID, SeatLabel) VALUES (172, 6, '19');
INSERT INTO ClassSeats (SeatID, HallClassID, SeatLabel) VALUES (173, 6, '20');
INSERT INTO ClassSeats (SeatID, HallClassID, SeatLabel) VALUES (174, 6, '21');
INSERT INTO ClassSeats (SeatID, HallClassID, SeatLabel) VALUES (175, 6, '22');
INSERT INTO ClassSeats (SeatID, HallClassID, SeatLabel) VALUES (176, 6, '23');
INSERT INTO ClassSeats (SeatID, HallClassID, SeatLabel) VALUES (177, 6, '24');
INSERT INTO ClassSeats (SeatID, HallClassID, SeatLabel) VALUES (178, 6, '25');
INSERT INTO ClassSeats (SeatID, HallClassID, SeatLabel) VALUES (179, 6, '26');
INSERT INTO ClassSeats (SeatID, HallClassID, SeatLabel) VALUES (180, 6, '27');
INSERT INTO ClassSeats (SeatID, HallClassID, SeatLabel) VALUES (181, 6, '28');
INSERT INTO ClassSeats (SeatID, HallClassID, SeatLabel) VALUES (182, 6, '29');
INSERT INTO ClassSeats (SeatID, HallClassID, SeatLabel) VALUES (183, 6, '30');
INSERT INTO ClassSeats (SeatID, HallClassID, SeatLabel) VALUES (184, 7, '1');
INSERT INTO ClassSeats (SeatID, HallClassID, SeatLabel) VALUES (185, 7, '2');
INSERT INTO ClassSeats (SeatID, HallClassID, SeatLabel) VALUES (186, 7, '3');
INSERT INTO ClassSeats (SeatID, HallClassID, SeatLabel) VALUES (187, 7, '4');
INSERT INTO ClassSeats (SeatID, HallClassID, SeatLabel) VALUES (188, 7, '5');
INSERT INTO ClassSeats (SeatID, HallClassID, SeatLabel) VALUES (189, 7, '6');
INSERT INTO ClassSeats (SeatID, HallClassID, SeatLabel) VALUES (190, 7, '7');
INSERT INTO ClassSeats (SeatID, HallClassID, SeatLabel) VALUES (191, 7, '8');
INSERT INTO ClassSeats (SeatID, HallClassID, SeatLabel) VALUES (192, 7, '9');
INSERT INTO ClassSeats (SeatID, HallClassID, SeatLabel) VALUES (193, 7, '10');
INSERT INTO ClassSeats (SeatID, HallClassID, SeatLabel) VALUES (194, 7, '11');
INSERT INTO ClassSeats (SeatID, HallClassID, SeatLabel) VALUES (195, 7, '12');
INSERT INTO ClassSeats (SeatID, HallClassID, SeatLabel) VALUES (196, 7, '13');
INSERT INTO ClassSeats (SeatID, HallClassID, SeatLabel) VALUES (197, 7, '14');
INSERT INTO ClassSeats (SeatID, HallClassID, SeatLabel) VALUES (198, 7, '15');
INSERT INTO ClassSeats (SeatID, HallClassID, SeatLabel) VALUES (199, 7, '16');
INSERT INTO ClassSeats (SeatID, HallClassID, SeatLabel) VALUES (200, 7, '17');
INSERT INTO ClassSeats (SeatID, HallClassID, SeatLabel) VALUES (201, 7, '18');
INSERT INTO ClassSeats (SeatID, HallClassID, SeatLabel) VALUES (202, 7, '19');
INSERT INTO ClassSeats (SeatID, HallClassID, SeatLabel) VALUES (203, 7, '20');
INSERT INTO ClassSeats (SeatID, HallClassID, SeatLabel) VALUES (204, 7, '21');
INSERT INTO ClassSeats (SeatID, HallClassID, SeatLabel) VALUES (205, 7, '22');
INSERT INTO ClassSeats (SeatID, HallClassID, SeatLabel) VALUES (206, 7, '23');
INSERT INTO ClassSeats (SeatID, HallClassID, SeatLabel) VALUES (207, 7, '24');
INSERT INTO ClassSeats (SeatID, HallClassID, SeatLabel) VALUES (208, 7, '25');
INSERT INTO ClassSeats (SeatID, HallClassID, SeatLabel) VALUES (209, 7, '26');
INSERT INTO ClassSeats (SeatID, HallClassID, SeatLabel) VALUES (210, 7, '27');
INSERT INTO ClassSeats (SeatID, HallClassID, SeatLabel) VALUES (211, 7, '28');
INSERT INTO ClassSeats (SeatID, HallClassID, SeatLabel) VALUES (212, 7, '29');
INSERT INTO ClassSeats (SeatID, HallClassID, SeatLabel) VALUES (213, 7, '30');
INSERT INTO ClassSeats (SeatID, HallClassID, SeatLabel) VALUES (214, 7, '31');
INSERT INTO ClassSeats (SeatID, HallClassID, SeatLabel) VALUES (215, 7, '32');
INSERT INTO ClassSeats (SeatID, HallClassID, SeatLabel) VALUES (216, 7, '33');
INSERT INTO ClassSeats (SeatID, HallClassID, SeatLabel) VALUES (217, 8, '1');
INSERT INTO ClassSeats (SeatID, HallClassID, SeatLabel) VALUES (218, 8, '2');
INSERT INTO ClassSeats (SeatID, HallClassID, SeatLabel) VALUES (219, 8, '3');
INSERT INTO ClassSeats (SeatID, HallClassID, SeatLabel) VALUES (220, 8, '4');
INSERT INTO ClassSeats (SeatID, HallClassID, SeatLabel) VALUES (221, 8, '5');
INSERT INTO ClassSeats (SeatID, HallClassID, SeatLabel) VALUES (222, 8, '6');
INSERT INTO ClassSeats (SeatID, HallClassID, SeatLabel) VALUES (223, 8, '7');
INSERT INTO ClassSeats (SeatID, HallClassID, SeatLabel) VALUES (224, 8, '8');
INSERT INTO ClassSeats (SeatID, HallClassID, SeatLabel) VALUES (225, 8, '9');
INSERT INTO ClassSeats (SeatID, HallClassID, SeatLabel) VALUES (226, 8, '10');
INSERT INTO ClassSeats (SeatID, HallClassID, SeatLabel) VALUES (227, 8, '11');
INSERT INTO ClassSeats (SeatID, HallClassID, SeatLabel) VALUES (228, 8, '12');
INSERT INTO ClassSeats (SeatID, HallClassID, SeatLabel) VALUES (229, 8, '13');
INSERT INTO ClassSeats (SeatID, HallClassID, SeatLabel) VALUES (230, 8, '14');
INSERT INTO ClassSeats (SeatID, HallClassID, SeatLabel) VALUES (231, 8, '15');
INSERT INTO ClassSeats (SeatID, HallClassID, SeatLabel) VALUES (232, 8, '16');
INSERT INTO ClassSeats (SeatID, HallClassID, SeatLabel) VALUES (233, 8, '17');
INSERT INTO ClassSeats (SeatID, HallClassID, SeatLabel) VALUES (234, 8, '18');
INSERT INTO ClassSeats (SeatID, HallClassID, SeatLabel) VALUES (235, 8, '19');
INSERT INTO ClassSeats (SeatID, HallClassID, SeatLabel) VALUES (236, 8, '20');
INSERT INTO ClassSeats (SeatID, HallClassID, SeatLabel) VALUES (237, 8, '21');
INSERT INTO ClassSeats (SeatID, HallClassID, SeatLabel) VALUES (238, 8, '22');
INSERT INTO ClassSeats (SeatID, HallClassID, SeatLabel) VALUES (239, 9, '1');
INSERT INTO ClassSeats (SeatID, HallClassID, SeatLabel) VALUES (240, 9, '2');
INSERT INTO ClassSeats (SeatID, HallClassID, SeatLabel) VALUES (241, 9, '3');
INSERT INTO ClassSeats (SeatID, HallClassID, SeatLabel) VALUES (242, 9, '4');
INSERT INTO ClassSeats (SeatID, HallClassID, SeatLabel) VALUES (243, 9, '5');
INSERT INTO ClassSeats (SeatID, HallClassID, SeatLabel) VALUES (244, 9, '6');
INSERT INTO ClassSeats (SeatID, HallClassID, SeatLabel) VALUES (245, 9, '7');
INSERT INTO ClassSeats (SeatID, HallClassID, SeatLabel) VALUES (246, 9, '8');
INSERT INTO ClassSeats (SeatID, HallClassID, SeatLabel) VALUES (247, 9, '9');
INSERT INTO ClassSeats (SeatID, HallClassID, SeatLabel) VALUES (248, 9, '10');
INSERT INTO ClassSeats (SeatID, HallClassID, SeatLabel) VALUES (249, 9, '11');
INSERT INTO ClassSeats (SeatID, HallClassID, SeatLabel) VALUES (250, 9, '12');
INSERT INTO ClassSeats (SeatID, HallClassID, SeatLabel) VALUES (251, 9, '13');
INSERT INTO ClassSeats (SeatID, HallClassID, SeatLabel) VALUES (252, 9, '14');
INSERT INTO ClassSeats (SeatID, HallClassID, SeatLabel) VALUES (253, 9, '15');
INSERT INTO ClassSeats (SeatID, HallClassID, SeatLabel) VALUES (254, 10, '1');
INSERT INTO ClassSeats (SeatID, HallClassID, SeatLabel) VALUES (255, 10, '2');
INSERT INTO ClassSeats (SeatID, HallClassID, SeatLabel) VALUES (256, 10, '3');
INSERT INTO ClassSeats (SeatID, HallClassID, SeatLabel) VALUES (257, 10, '4');
INSERT INTO ClassSeats (SeatID, HallClassID, SeatLabel) VALUES (258, 10, '5');
INSERT INTO ClassSeats (SeatID, HallClassID, SeatLabel) VALUES (259, 10, '6');
INSERT INTO ClassSeats (SeatID, HallClassID, SeatLabel) VALUES (260, 10, '7');
INSERT INTO ClassSeats (SeatID, HallClassID, SeatLabel) VALUES (261, 10, '8');
INSERT INTO ClassSeats (SeatID, HallClassID, SeatLabel) VALUES (262, 10, '9');
INSERT INTO ClassSeats (SeatID, HallClassID, SeatLabel) VALUES (263, 10, '10');
INSERT INTO ClassSeats (SeatID, HallClassID, SeatLabel) VALUES (264, 10, '11');
INSERT INTO ClassSeats (SeatID, HallClassID, SeatLabel) VALUES (265, 10, '12');
INSERT INTO ClassSeats (SeatID, HallClassID, SeatLabel) VALUES (266, 10, '13');
INSERT INTO ClassSeats (SeatID, HallClassID, SeatLabel) VALUES (267, 10, '14');
INSERT INTO ClassSeats (SeatID, HallClassID, SeatLabel) VALUES (268, 10, '15');
INSERT INTO ClassSeats (SeatID, HallClassID, SeatLabel) VALUES (269, 10, '16');
INSERT INTO ClassSeats (SeatID, HallClassID, SeatLabel) VALUES (270, 10, '17');
INSERT INTO ClassSeats (SeatID, HallClassID, SeatLabel) VALUES (271, 10, '18');
INSERT INTO ClassSeats (SeatID, HallClassID, SeatLabel) VALUES (272, 10, '19');
INSERT INTO ClassSeats (SeatID, HallClassID, SeatLabel) VALUES (273, 10, '20');
INSERT INTO ClassSeats (SeatID, HallClassID, SeatLabel) VALUES (274, 10, '21');
INSERT INTO ClassSeats (SeatID, HallClassID, SeatLabel) VALUES (275, 10, '22');
INSERT INTO ClassSeats (SeatID, HallClassID, SeatLabel) VALUES (276, 10, '23');
INSERT INTO ClassSeats (SeatID, HallClassID, SeatLabel) VALUES (277, 11, '1');
INSERT INTO ClassSeats (SeatID, HallClassID, SeatLabel) VALUES (278, 11, '2');
INSERT INTO ClassSeats (SeatID, HallClassID, SeatLabel) VALUES (279, 11, '3');
INSERT INTO ClassSeats (SeatID, HallClassID, SeatLabel) VALUES (280, 11, '4');
INSERT INTO ClassSeats (SeatID, HallClassID, SeatLabel) VALUES (281, 11, '5');
INSERT INTO ClassSeats (SeatID, HallClassID, SeatLabel) VALUES (282, 11, '6');
INSERT INTO ClassSeats (SeatID, HallClassID, SeatLabel) VALUES (283, 11, '7');
INSERT INTO ClassSeats (SeatID, HallClassID, SeatLabel) VALUES (284, 11, '8');
INSERT INTO ClassSeats (SeatID, HallClassID, SeatLabel) VALUES (285, 11, '9');
INSERT INTO ClassSeats (SeatID, HallClassID, SeatLabel) VALUES (286, 11, '10');
INSERT INTO ClassSeats (SeatID, HallClassID, SeatLabel) VALUES (287, 11, '11');
INSERT INTO ClassSeats (SeatID, HallClassID, SeatLabel) VALUES (288, 11, '12');
INSERT INTO ClassSeats (SeatID, HallClassID, SeatLabel) VALUES (289, 11, '13');
INSERT INTO ClassSeats (SeatID, HallClassID, SeatLabel) VALUES (290, 11, '14');
INSERT INTO ClassSeats (SeatID, HallClassID, SeatLabel) VALUES (291, 11, '15');
INSERT INTO ClassSeats (SeatID, HallClassID, SeatLabel) VALUES (292, 11, '16');
INSERT INTO ClassSeats (SeatID, HallClassID, SeatLabel) VALUES (293, 11, '17');
INSERT INTO ClassSeats (SeatID, HallClassID, SeatLabel) VALUES (294, 11, '18');
INSERT INTO ClassSeats (SeatID, HallClassID, SeatLabel) VALUES (295, 11, '19');
INSERT INTO ClassSeats (SeatID, HallClassID, SeatLabel) VALUES (296, 11, '20');
INSERT INTO ClassSeats (SeatID, HallClassID, SeatLabel) VALUES (297, 11, '21');
INSERT INTO ClassSeats (SeatID, HallClassID, SeatLabel) VALUES (298, 11, '22');
INSERT INTO ClassSeats (SeatID, HallClassID, SeatLabel) VALUES (299, 11, '23');
INSERT INTO ClassSeats (SeatID, HallClassID, SeatLabel) VALUES (300, 11, '24');
INSERT INTO ClassSeats (SeatID, HallClassID, SeatLabel) VALUES (301, 11, '25');
INSERT INTO ClassSeats (SeatID, HallClassID, SeatLabel) VALUES (302, 11, '26');
INSERT INTO ClassSeats (SeatID, HallClassID, SeatLabel) VALUES (303, 11, '27');
INSERT INTO ClassSeats (SeatID, HallClassID, SeatLabel) VALUES (304, 12, '1');
INSERT INTO ClassSeats (SeatID, HallClassID, SeatLabel) VALUES (305, 12, '2');
INSERT INTO ClassSeats (SeatID, HallClassID, SeatLabel) VALUES (306, 13, '1');
INSERT INTO ClassSeats (SeatID, HallClassID, SeatLabel) VALUES (307, 13, '2');
INSERT INTO ClassSeats (SeatID, HallClassID, SeatLabel) VALUES (308, 13, '3');
INSERT INTO ClassSeats (SeatID, HallClassID, SeatLabel) VALUES (309, 13, '4');
INSERT INTO ClassSeats (SeatID, HallClassID, SeatLabel) VALUES (310, 13, '5');
INSERT INTO ClassSeats (SeatID, HallClassID, SeatLabel) VALUES (311, 13, '6');
INSERT INTO ClassSeats (SeatID, HallClassID, SeatLabel) VALUES (312, 13, '7');
INSERT INTO ClassSeats (SeatID, HallClassID, SeatLabel) VALUES (313, 13, '8');
INSERT INTO ClassSeats (SeatID, HallClassID, SeatLabel) VALUES (314, 13, '9');
INSERT INTO ClassSeats (SeatID, HallClassID, SeatLabel) VALUES (315, 14, '1');
INSERT INTO ClassSeats (SeatID, HallClassID, SeatLabel) VALUES (316, 14, '2');
INSERT INTO ClassSeats (SeatID, HallClassID, SeatLabel) VALUES (317, 14, '3');
INSERT INTO ClassSeats (SeatID, HallClassID, SeatLabel) VALUES (318, 14, '4');
INSERT INTO ClassSeats (SeatID, HallClassID, SeatLabel) VALUES (319, 14, '5');
INSERT INTO ClassSeats (SeatID, HallClassID, SeatLabel) VALUES (320, 14, '6');
INSERT INTO ClassSeats (SeatID, HallClassID, SeatLabel) VALUES (321, 14, '7');
INSERT INTO ClassSeats (SeatID, HallClassID, SeatLabel) VALUES (322, 14, '8');
INSERT INTO ClassSeats (SeatID, HallClassID, SeatLabel) VALUES (323, 14, '9');
INSERT INTO ClassSeats (SeatID, HallClassID, SeatLabel) VALUES (324, 14, '10');
INSERT INTO ClassSeats (SeatID, HallClassID, SeatLabel) VALUES (325, 14, '11');
INSERT INTO ClassSeats (SeatID, HallClassID, SeatLabel) VALUES (326, 14, '12');
INSERT INTO ClassSeats (SeatID, HallClassID, SeatLabel) VALUES (327, 14, '13');
INSERT INTO ClassSeats (SeatID, HallClassID, SeatLabel) VALUES (328, 14, '14');
INSERT INTO ClassSeats (SeatID, HallClassID, SeatLabel) VALUES (329, 14, '15');
INSERT INTO ClassSeats (SeatID, HallClassID, SeatLabel) VALUES (330, 14, '16');
INSERT INTO ClassSeats (SeatID, HallClassID, SeatLabel) VALUES (331, 14, '17');
INSERT INTO ClassSeats (SeatID, HallClassID, SeatLabel) VALUES (332, 14, '18');
INSERT INTO ClassSeats (SeatID, HallClassID, SeatLabel) VALUES (333, 14, '19');
INSERT INTO ClassSeats (SeatID, HallClassID, SeatLabel) VALUES (334, 14, '20');
INSERT INTO ClassSeats (SeatID, HallClassID, SeatLabel) VALUES (335, 14, '21');
INSERT INTO ClassSeats (SeatID, HallClassID, SeatLabel) VALUES (336, 14, '22');
INSERT INTO ClassSeats (SeatID, HallClassID, SeatLabel) VALUES (337, 14, '23');
INSERT INTO ClassSeats (SeatID, HallClassID, SeatLabel) VALUES (338, 14, '24');
INSERT INTO ClassSeats (SeatID, HallClassID, SeatLabel) VALUES (339, 14, '25');
INSERT INTO ClassSeats (SeatID, HallClassID, SeatLabel) VALUES (340, 14, '26');
INSERT INTO ClassSeats (SeatID, HallClassID, SeatLabel) VALUES (341, 15, '1');
INSERT INTO ClassSeats (SeatID, HallClassID, SeatLabel) VALUES (342, 15, '2');
INSERT INTO ClassSeats (SeatID, HallClassID, SeatLabel) VALUES (343, 15, '3');
INSERT INTO ClassSeats (SeatID, HallClassID, SeatLabel) VALUES (344, 15, '4');
INSERT INTO ClassSeats (SeatID, HallClassID, SeatLabel) VALUES (345, 15, '5');
INSERT INTO ClassSeats (SeatID, HallClassID, SeatLabel) VALUES (346, 15, '6');
INSERT INTO ClassSeats (SeatID, HallClassID, SeatLabel) VALUES (347, 15, '7');
INSERT INTO ClassSeats (SeatID, HallClassID, SeatLabel) VALUES (348, 15, '8');
INSERT INTO ClassSeats (SeatID, HallClassID, SeatLabel) VALUES (349, 15, '9');
INSERT INTO ClassSeats (SeatID, HallClassID, SeatLabel) VALUES (350, 15, '10');
INSERT INTO ClassSeats (SeatID, HallClassID, SeatLabel) VALUES (351, 15, '11');
INSERT INTO ClassSeats (SeatID, HallClassID, SeatLabel) VALUES (352, 15, '12');
INSERT INTO ClassSeats (SeatID, HallClassID, SeatLabel) VALUES (353, 15, '13');
INSERT INTO ClassSeats (SeatID, HallClassID, SeatLabel) VALUES (354, 15, '14');
INSERT INTO ClassSeats (SeatID, HallClassID, SeatLabel) VALUES (355, 15, '15');
INSERT INTO ClassSeats (SeatID, HallClassID, SeatLabel) VALUES (356, 15, '16');
INSERT INTO ClassSeats (SeatID, HallClassID, SeatLabel) VALUES (357, 15, '17');
INSERT INTO ClassSeats (SeatID, HallClassID, SeatLabel) VALUES (358, 15, '18');
INSERT INTO ClassSeats (SeatID, HallClassID, SeatLabel) VALUES (359, 15, '19');
INSERT INTO ClassSeats (SeatID, HallClassID, SeatLabel) VALUES (360, 15, '20');
INSERT INTO ClassSeats (SeatID, HallClassID, SeatLabel) VALUES (361, 15, '21');
INSERT INTO ClassSeats (SeatID, HallClassID, SeatLabel) VALUES (362, 15, '22');
INSERT INTO ClassSeats (SeatID, HallClassID, SeatLabel) VALUES (363, 15, '23');
INSERT INTO ClassSeats (SeatID, HallClassID, SeatLabel) VALUES (364, 15, '24');
INSERT INTO ClassSeats (SeatID, HallClassID, SeatLabel) VALUES (365, 15, '25');
INSERT INTO ClassSeats (SeatID, HallClassID, SeatLabel) VALUES (366, 15, '26');
INSERT INTO ClassSeats (SeatID, HallClassID, SeatLabel) VALUES (367, 15, '27');
INSERT INTO ClassSeats (SeatID, HallClassID, SeatLabel) VALUES (368, 15, '28');
INSERT INTO ClassSeats (SeatID, HallClassID, SeatLabel) VALUES (369, 15, '29');
INSERT INTO ClassSeats (SeatID, HallClassID, SeatLabel) VALUES (370, 15, '30');
INSERT INTO ClassSeats (SeatID, HallClassID, SeatLabel) VALUES (371, 16, '1');
INSERT INTO ClassSeats (SeatID, HallClassID, SeatLabel) VALUES (372, 16, '2');
INSERT INTO ClassSeats (SeatID, HallClassID, SeatLabel) VALUES (373, 16, '3');
INSERT INTO ClassSeats (SeatID, HallClassID, SeatLabel) VALUES (374, 16, '4');
INSERT INTO ClassSeats (SeatID, HallClassID, SeatLabel) VALUES (375, 16, '5');
INSERT INTO ClassSeats (SeatID, HallClassID, SeatLabel) VALUES (376, 16, '6');
INSERT INTO ClassSeats (SeatID, HallClassID, SeatLabel) VALUES (377, 16, '7');
INSERT INTO ClassSeats (SeatID, HallClassID, SeatLabel) VALUES (378, 16, '8');
INSERT INTO ClassSeats (SeatID, HallClassID, SeatLabel) VALUES (379, 16, '9');
INSERT INTO ClassSeats (SeatID, HallClassID, SeatLabel) VALUES (380, 16, '10');
INSERT INTO ClassSeats (SeatID, HallClassID, SeatLabel) VALUES (381, 16, '11');
INSERT INTO ClassSeats (SeatID, HallClassID, SeatLabel) VALUES (382, 16, '12');
INSERT INTO ClassSeats (SeatID, HallClassID, SeatLabel) VALUES (383, 16, '13');
INSERT INTO ClassSeats (SeatID, HallClassID, SeatLabel) VALUES (384, 16, '14');
INSERT INTO ClassSeats (SeatID, HallClassID, SeatLabel) VALUES (385, 16, '15');
INSERT INTO ClassSeats (SeatID, HallClassID, SeatLabel) VALUES (386, 16, '16');
INSERT INTO ClassSeats (SeatID, HallClassID, SeatLabel) VALUES (387, 16, '17');
INSERT INTO ClassSeats (SeatID, HallClassID, SeatLabel) VALUES (388, 16, '18');
INSERT INTO ClassSeats (SeatID, HallClassID, SeatLabel) VALUES (389, 16, '19');
INSERT INTO ClassSeats (SeatID, HallClassID, SeatLabel) VALUES (390, 16, '20');
INSERT INTO ClassSeats (SeatID, HallClassID, SeatLabel) VALUES (391, 16, '21');
INSERT INTO ClassSeats (SeatID, HallClassID, SeatLabel) VALUES (392, 16, '22');
INSERT INTO ClassSeats (SeatID, HallClassID, SeatLabel) VALUES (393, 16, '23');
INSERT INTO ClassSeats (SeatID, HallClassID, SeatLabel) VALUES (394, 16, '24');
INSERT INTO ClassSeats (SeatID, HallClassID, SeatLabel) VALUES (395, 16, '25');
INSERT INTO ClassSeats (SeatID, HallClassID, SeatLabel) VALUES (396, 16, '26');
INSERT INTO ClassSeats (SeatID, HallClassID, SeatLabel) VALUES (397, 16, '27');
INSERT INTO ClassSeats (SeatID, HallClassID, SeatLabel) VALUES (398, 16, '28');
INSERT INTO ClassSeats (SeatID, HallClassID, SeatLabel) VALUES (399, 16, '29');
INSERT INTO ClassSeats (SeatID, HallClassID, SeatLabel) VALUES (400, 16, '30');
INSERT INTO ClassSeats (SeatID, HallClassID, SeatLabel) VALUES (401, 17, '1');
INSERT INTO ClassSeats (SeatID, HallClassID, SeatLabel) VALUES (402, 17, '2');
INSERT INTO ClassSeats (SeatID, HallClassID, SeatLabel) VALUES (403, 17, '3');
INSERT INTO ClassSeats (SeatID, HallClassID, SeatLabel) VALUES (404, 17, '4');
INSERT INTO ClassSeats (SeatID, HallClassID, SeatLabel) VALUES (405, 17, '5');
INSERT INTO ClassSeats (SeatID, HallClassID, SeatLabel) VALUES (406, 17, '6');
INSERT INTO ClassSeats (SeatID, HallClassID, SeatLabel) VALUES (407, 17, '7');
INSERT INTO ClassSeats (SeatID, HallClassID, SeatLabel) VALUES (408, 17, '8');
INSERT INTO ClassSeats (SeatID, HallClassID, SeatLabel) VALUES (409, 17, '9');
INSERT INTO ClassSeats (SeatID, HallClassID, SeatLabel) VALUES (410, 17, '10');
INSERT INTO ClassSeats (SeatID, HallClassID, SeatLabel) VALUES (411, 17, '11');
INSERT INTO ClassSeats (SeatID, HallClassID, SeatLabel) VALUES (412, 17, '12');
INSERT INTO ClassSeats (SeatID, HallClassID, SeatLabel) VALUES (413, 17, '13');
INSERT INTO ClassSeats (SeatID, HallClassID, SeatLabel) VALUES (414, 17, '14');
INSERT INTO ClassSeats (SeatID, HallClassID, SeatLabel) VALUES (415, 18, '1');
INSERT INTO ClassSeats (SeatID, HallClassID, SeatLabel) VALUES (416, 18, '2');
INSERT INTO ClassSeats (SeatID, HallClassID, SeatLabel) VALUES (417, 18, '3');
INSERT INTO ClassSeats (SeatID, HallClassID, SeatLabel) VALUES (418, 18, '4');
INSERT INTO ClassSeats (SeatID, HallClassID, SeatLabel) VALUES (419, 18, '5');
INSERT INTO ClassSeats (SeatID, HallClassID, SeatLabel) VALUES (420, 18, '6');
INSERT INTO ClassSeats (SeatID, HallClassID, SeatLabel) VALUES (421, 18, '7');
INSERT INTO ClassSeats (SeatID, HallClassID, SeatLabel) VALUES (422, 18, '8');
INSERT INTO ClassSeats (SeatID, HallClassID, SeatLabel) VALUES (423, 18, '9');
INSERT INTO ClassSeats (SeatID, HallClassID, SeatLabel) VALUES (424, 18, '10');
INSERT INTO ClassSeats (SeatID, HallClassID, SeatLabel) VALUES (425, 18, '11');
INSERT INTO ClassSeats (SeatID, HallClassID, SeatLabel) VALUES (426, 18, '12');
INSERT INTO ClassSeats (SeatID, HallClassID, SeatLabel) VALUES (427, 18, '13');
INSERT INTO ClassSeats (SeatID, HallClassID, SeatLabel) VALUES (428, 18, '14');
INSERT INTO ClassSeats (SeatID, HallClassID, SeatLabel) VALUES (429, 18, '15');
INSERT INTO ClassSeats (SeatID, HallClassID, SeatLabel) VALUES (430, 18, '16');
INSERT INTO ClassSeats (SeatID, HallClassID, SeatLabel) VALUES (431, 18, '17');
INSERT INTO ClassSeats (SeatID, HallClassID, SeatLabel) VALUES (432, 18, '18');
INSERT INTO ClassSeats (SeatID, HallClassID, SeatLabel) VALUES (433, 18, '19');
INSERT INTO ClassSeats (SeatID, HallClassID, SeatLabel) VALUES (434, 18, '20');
INSERT INTO ClassSeats (SeatID, HallClassID, SeatLabel) VALUES (435, 18, '21');
INSERT INTO ClassSeats (SeatID, HallClassID, SeatLabel) VALUES (436, 18, '22');
INSERT INTO ClassSeats (SeatID, HallClassID, SeatLabel) VALUES (437, 18, '23');
INSERT INTO ClassSeats (SeatID, HallClassID, SeatLabel) VALUES (438, 18, '24');
INSERT INTO ClassSeats (SeatID, HallClassID, SeatLabel) VALUES (439, 18, '25');
INSERT INTO ClassSeats (SeatID, HallClassID, SeatLabel) VALUES (440, 18, '26');
INSERT INTO ClassSeats (SeatID, HallClassID, SeatLabel) VALUES (441, 18, '27');
INSERT INTO ClassSeats (SeatID, HallClassID, SeatLabel) VALUES (442, 18, '28');
INSERT INTO ClassSeats (SeatID, HallClassID, SeatLabel) VALUES (443, 18, '29');
INSERT INTO ClassSeats (SeatID, HallClassID, SeatLabel) VALUES (444, 18, '30');
INSERT INTO ClassSeats (SeatID, HallClassID, SeatLabel) VALUES (445, 18, '31');
INSERT INTO ClassSeats (SeatID, HallClassID, SeatLabel) VALUES (446, 18, '32');
INSERT INTO ClassSeats (SeatID, HallClassID, SeatLabel) VALUES (447, 18, '33');
INSERT INTO ClassSeats (SeatID, HallClassID, SeatLabel) VALUES (448, 18, '34');
INSERT INTO ClassSeats (SeatID, HallClassID, SeatLabel) VALUES (449, 18, '35');
INSERT INTO ClassSeats (SeatID, HallClassID, SeatLabel) VALUES (450, 18, '36');
INSERT INTO ClassSeats (SeatID, HallClassID, SeatLabel) VALUES (451, 19, '1');
INSERT INTO ClassSeats (SeatID, HallClassID, SeatLabel) VALUES (452, 19, '2');
INSERT INTO ClassSeats (SeatID, HallClassID, SeatLabel) VALUES (453, 19, '3');
INSERT INTO ClassSeats (SeatID, HallClassID, SeatLabel) VALUES (454, 19, '4');
INSERT INTO ClassSeats (SeatID, HallClassID, SeatLabel) VALUES (455, 19, '5');
INSERT INTO ClassSeats (SeatID, HallClassID, SeatLabel) VALUES (456, 19, '6');
INSERT INTO ClassSeats (SeatID, HallClassID, SeatLabel) VALUES (457, 19, '7');
INSERT INTO ClassSeats (SeatID, HallClassID, SeatLabel) VALUES (458, 19, '8');
INSERT INTO ClassSeats (SeatID, HallClassID, SeatLabel) VALUES (459, 19, '9');
INSERT INTO ClassSeats (SeatID, HallClassID, SeatLabel) VALUES (460, 19, '10');
INSERT INTO ClassSeats (SeatID, HallClassID, SeatLabel) VALUES (461, 19, '11');
INSERT INTO ClassSeats (SeatID, HallClassID, SeatLabel) VALUES (462, 19, '12');
INSERT INTO ClassSeats (SeatID, HallClassID, SeatLabel) VALUES (463, 19, '13');
INSERT INTO ClassSeats (SeatID, HallClassID, SeatLabel) VALUES (464, 19, '14');
INSERT INTO ClassSeats (SeatID, HallClassID, SeatLabel) VALUES (465, 19, '15');
INSERT INTO ClassSeats (SeatID, HallClassID, SeatLabel) VALUES (466, 19, '16');
INSERT INTO ClassSeats (SeatID, HallClassID, SeatLabel) VALUES (467, 19, '17');
INSERT INTO ClassSeats (SeatID, HallClassID, SeatLabel) VALUES (468, 19, '18');
INSERT INTO ClassSeats (SeatID, HallClassID, SeatLabel) VALUES (469, 19, '19');
INSERT INTO ClassSeats (SeatID, HallClassID, SeatLabel) VALUES (470, 19, '20');
INSERT INTO ClassSeats (SeatID, HallClassID, SeatLabel) VALUES (471, 19, '21');
INSERT INTO ClassSeats (SeatID, HallClassID, SeatLabel) VALUES (472, 19, '22');
INSERT INTO ClassSeats (SeatID, HallClassID, SeatLabel) VALUES (473, 19, '23');
INSERT INTO ClassSeats (SeatID, HallClassID, SeatLabel) VALUES (474, 19, '24');
INSERT INTO ClassSeats (SeatID, HallClassID, SeatLabel) VALUES (475, 19, '25');
INSERT INTO ClassSeats (SeatID, HallClassID, SeatLabel) VALUES (476, 19, '26');
INSERT INTO ClassSeats (SeatID, HallClassID, SeatLabel) VALUES (477, 19, '27');
INSERT INTO ClassSeats (SeatID, HallClassID, SeatLabel) VALUES (478, 19, '28');
INSERT INTO ClassSeats (SeatID, HallClassID, SeatLabel) VALUES (479, 19, '29');
INSERT INTO ClassSeats (SeatID, HallClassID, SeatLabel) VALUES (480, 19, '30');
INSERT INTO ClassSeats (SeatID, HallClassID, SeatLabel) VALUES (481, 19, '31');
INSERT INTO ClassSeats (SeatID, HallClassID, SeatLabel) VALUES (482, 19, '32');
INSERT INTO ClassSeats (SeatID, HallClassID, SeatLabel) VALUES (483, 19, '33');
INSERT INTO ClassSeats (SeatID, HallClassID, SeatLabel) VALUES (484, 19, '34');
INSERT INTO ClassSeats (SeatID, HallClassID, SeatLabel) VALUES (485, 20, '1');
INSERT INTO ClassSeats (SeatID, HallClassID, SeatLabel) VALUES (486, 20, '2');
INSERT INTO ClassSeats (SeatID, HallClassID, SeatLabel) VALUES (487, 20, '3');
INSERT INTO ClassSeats (SeatID, HallClassID, SeatLabel) VALUES (488, 20, '4');
INSERT INTO ClassSeats (SeatID, HallClassID, SeatLabel) VALUES (489, 20, '5');
INSERT INTO ClassSeats (SeatID, HallClassID, SeatLabel) VALUES (490, 20, '6');
INSERT INTO ClassSeats (SeatID, HallClassID, SeatLabel) VALUES (491, 20, '7');
INSERT INTO ClassSeats (SeatID, HallClassID, SeatLabel) VALUES (492, 20, '8');
INSERT INTO ClassSeats (SeatID, HallClassID, SeatLabel) VALUES (493, 20, '9');
INSERT INTO ClassSeats (SeatID, HallClassID, SeatLabel) VALUES (494, 20, '10');
INSERT INTO ClassSeats (SeatID, HallClassID, SeatLabel) VALUES (495, 20, '11');
INSERT INTO ClassSeats (SeatID, HallClassID, SeatLabel) VALUES (496, 20, '12');
INSERT INTO ClassSeats (SeatID, HallClassID, SeatLabel) VALUES (497, 20, '13');
INSERT INTO ClassSeats (SeatID, HallClassID, SeatLabel) VALUES (498, 20, '14');
INSERT INTO ClassSeats (SeatID, HallClassID, SeatLabel) VALUES (499, 20, '15');
INSERT INTO ClassSeats (SeatID, HallClassID, SeatLabel) VALUES (500, 20, '16');
INSERT INTO ClassSeats (SeatID, HallClassID, SeatLabel) VALUES (501, 20, '17');
INSERT INTO ClassSeats (SeatID, HallClassID, SeatLabel) VALUES (502, 20, '18');
INSERT INTO ClassSeats (SeatID, HallClassID, SeatLabel) VALUES (503, 20, '19');
INSERT INTO ClassSeats (SeatID, HallClassID, SeatLabel) VALUES (504, 20, '20');
INSERT INTO ClassSeats (SeatID, HallClassID, SeatLabel) VALUES (505, 20, '21');
INSERT INTO ClassSeats (SeatID, HallClassID, SeatLabel) VALUES (506, 20, '22');
INSERT INTO ClassSeats (SeatID, HallClassID, SeatLabel) VALUES (507, 20, '23');
INSERT INTO ClassSeats (SeatID, HallClassID, SeatLabel) VALUES (508, 20, '24');
INSERT INTO ClassSeats (SeatID, HallClassID, SeatLabel) VALUES (509, 20, '25');
INSERT INTO ClassSeats (SeatID, HallClassID, SeatLabel) VALUES (510, 20, '26');
INSERT INTO ClassSeats (SeatID, HallClassID, SeatLabel) VALUES (511, 20, '27');
INSERT INTO ClassSeats (SeatID, HallClassID, SeatLabel) VALUES (512, 20, '28');
INSERT INTO ClassSeats (SeatID, HallClassID, SeatLabel) VALUES (513, 20, '29');
INSERT INTO ClassSeats (SeatID, HallClassID, SeatLabel) VALUES (514, 20, '30');
INSERT INTO ClassSeats (SeatID, HallClassID, SeatLabel) VALUES (515, 20, '31');
INSERT INTO ClassSeats (SeatID, HallClassID, SeatLabel) VALUES (516, 20, '32');
INSERT INTO ClassSeats (SeatID, HallClassID, SeatLabel) VALUES (517, 20, '33');
INSERT INTO ClassSeats (SeatID, HallClassID, SeatLabel) VALUES (518, 20, '34');
INSERT INTO ClassSeats (SeatID, HallClassID, SeatLabel) VALUES (519, 20, '35');
INSERT INTO ClassSeats (SeatID, HallClassID, SeatLabel) VALUES (520, 20, '36');
INSERT INTO ClassSeats (SeatID, HallClassID, SeatLabel) VALUES (521, 20, '37');
INSERT INTO ClassSeats (SeatID, HallClassID, SeatLabel) VALUES (522, 21, '1');
INSERT INTO ClassSeats (SeatID, HallClassID, SeatLabel) VALUES (523, 21, '2');
INSERT INTO ClassSeats (SeatID, HallClassID, SeatLabel) VALUES (524, 21, '3');
INSERT INTO ClassSeats (SeatID, HallClassID, SeatLabel) VALUES (525, 21, '4');
INSERT INTO ClassSeats (SeatID, HallClassID, SeatLabel) VALUES (526, 21, '5');
INSERT INTO ClassSeats (SeatID, HallClassID, SeatLabel) VALUES (527, 21, '6');
INSERT INTO ClassSeats (SeatID, HallClassID, SeatLabel) VALUES (528, 21, '7');
INSERT INTO ClassSeats (SeatID, HallClassID, SeatLabel) VALUES (529, 21, '8');
INSERT INTO ClassSeats (SeatID, HallClassID, SeatLabel) VALUES (530, 21, '9');
INSERT INTO ClassSeats (SeatID, HallClassID, SeatLabel) VALUES (531, 21, '10');
INSERT INTO ClassSeats (SeatID, HallClassID, SeatLabel) VALUES (532, 22, '1');
INSERT INTO ClassSeats (SeatID, HallClassID, SeatLabel) VALUES (533, 23, '1');
INSERT INTO ClassSeats (SeatID, HallClassID, SeatLabel) VALUES (534, 23, '2');
INSERT INTO ClassSeats (SeatID, HallClassID, SeatLabel) VALUES (535, 23, '3');
INSERT INTO ClassSeats (SeatID, HallClassID, SeatLabel) VALUES (536, 23, '4');
INSERT INTO ClassSeats (SeatID, HallClassID, SeatLabel) VALUES (537, 23, '5');
INSERT INTO ClassSeats (SeatID, HallClassID, SeatLabel) VALUES (538, 23, '6');
INSERT INTO ClassSeats (SeatID, HallClassID, SeatLabel) VALUES (539, 23, '7');
INSERT INTO ClassSeats (SeatID, HallClassID, SeatLabel) VALUES (540, 23, '8');
INSERT INTO ClassSeats (SeatID, HallClassID, SeatLabel) VALUES (541, 23, '9');
INSERT INTO ClassSeats (SeatID, HallClassID, SeatLabel) VALUES (542, 23, '10');
INSERT INTO ClassSeats (SeatID, HallClassID, SeatLabel) VALUES (543, 23, '11');
INSERT INTO ClassSeats (SeatID, HallClassID, SeatLabel) VALUES (544, 23, '12');
INSERT INTO ClassSeats (SeatID, HallClassID, SeatLabel) VALUES (545, 23, '13');
INSERT INTO ClassSeats (SeatID, HallClassID, SeatLabel) VALUES (546, 23, '14');
INSERT INTO ClassSeats (SeatID, HallClassID, SeatLabel) VALUES (547, 23, '15');
INSERT INTO ClassSeats (SeatID, HallClassID, SeatLabel) VALUES (548, 23, '16');
INSERT INTO ClassSeats (SeatID, HallClassID, SeatLabel) VALUES (549, 23, '17');
INSERT INTO ClassSeats (SeatID, HallClassID, SeatLabel) VALUES (550, 23, '18');
INSERT INTO ClassSeats (SeatID, HallClassID, SeatLabel) VALUES (551, 23, '19');
INSERT INTO ClassSeats (SeatID, HallClassID, SeatLabel) VALUES (552, 23, '20');
INSERT INTO ClassSeats (SeatID, HallClassID, SeatLabel) VALUES (553, 23, '21');
INSERT INTO ClassSeats (SeatID, HallClassID, SeatLabel) VALUES (554, 23, '22');
INSERT INTO ClassSeats (SeatID, HallClassID, SeatLabel) VALUES (555, 24, '1');
INSERT INTO ClassSeats (SeatID, HallClassID, SeatLabel) VALUES (556, 24, '2');
INSERT INTO ClassSeats (SeatID, HallClassID, SeatLabel) VALUES (557, 24, '3');
INSERT INTO ClassSeats (SeatID, HallClassID, SeatLabel) VALUES (558, 24, '4');
INSERT INTO ClassSeats (SeatID, HallClassID, SeatLabel) VALUES (559, 24, '5');
INSERT INTO ClassSeats (SeatID, HallClassID, SeatLabel) VALUES (560, 24, '6');
INSERT INTO ClassSeats (SeatID, HallClassID, SeatLabel) VALUES (561, 24, '7');
INSERT INTO ClassSeats (SeatID, HallClassID, SeatLabel) VALUES (562, 24, '8');
INSERT INTO ClassSeats (SeatID, HallClassID, SeatLabel) VALUES (563, 24, '9');
INSERT INTO ClassSeats (SeatID, HallClassID, SeatLabel) VALUES (564, 24, '10');
INSERT INTO ClassSeats (SeatID, HallClassID, SeatLabel) VALUES (565, 24, '11');
INSERT INTO ClassSeats (SeatID, HallClassID, SeatLabel) VALUES (566, 24, '12');
INSERT INTO ClassSeats (SeatID, HallClassID, SeatLabel) VALUES (567, 24, '13');
INSERT INTO ClassSeats (SeatID, HallClassID, SeatLabel) VALUES (568, 24, '14');
INSERT INTO ClassSeats (SeatID, HallClassID, SeatLabel) VALUES (569, 24, '15');
INSERT INTO ClassSeats (SeatID, HallClassID, SeatLabel) VALUES (570, 24, '16');
INSERT INTO ClassSeats (SeatID, HallClassID, SeatLabel) VALUES (571, 24, '17');
INSERT INTO ClassSeats (SeatID, HallClassID, SeatLabel) VALUES (572, 24, '18');
INSERT INTO ClassSeats (SeatID, HallClassID, SeatLabel) VALUES (573, 24, '19');
INSERT INTO ClassSeats (SeatID, HallClassID, SeatLabel) VALUES (574, 24, '20');
INSERT INTO ClassSeats (SeatID, HallClassID, SeatLabel) VALUES (575, 24, '21');
INSERT INTO ClassSeats (SeatID, HallClassID, SeatLabel) VALUES (576, 24, '22');
INSERT INTO ClassSeats (SeatID, HallClassID, SeatLabel) VALUES (577, 24, '23');
INSERT INTO ClassSeats (SeatID, HallClassID, SeatLabel) VALUES (578, 24, '24');
INSERT INTO ClassSeats (SeatID, HallClassID, SeatLabel) VALUES (579, 24, '25');
INSERT INTO ClassSeats (SeatID, HallClassID, SeatLabel) VALUES (580, 24, '26');
INSERT INTO ClassSeats (SeatID, HallClassID, SeatLabel) VALUES (581, 24, '27');
INSERT INTO ClassSeats (SeatID, HallClassID, SeatLabel) VALUES (582, 24, '28');
INSERT INTO ClassSeats (SeatID, HallClassID, SeatLabel) VALUES (583, 25, '1');
INSERT INTO ClassSeats (SeatID, HallClassID, SeatLabel) VALUES (584, 25, '2');
INSERT INTO ClassSeats (SeatID, HallClassID, SeatLabel) VALUES (585, 25, '3');
INSERT INTO ClassSeats (SeatID, HallClassID, SeatLabel) VALUES (586, 25, '4');
INSERT INTO ClassSeats (SeatID, HallClassID, SeatLabel) VALUES (587, 25, '5');
INSERT INTO ClassSeats (SeatID, HallClassID, SeatLabel) VALUES (588, 25, '6');
INSERT INTO ClassSeats (SeatID, HallClassID, SeatLabel) VALUES (589, 25, '7');
INSERT INTO ClassSeats (SeatID, HallClassID, SeatLabel) VALUES (590, 25, '8');
INSERT INTO ClassSeats (SeatID, HallClassID, SeatLabel) VALUES (591, 25, '9');
INSERT INTO ClassSeats (SeatID, HallClassID, SeatLabel) VALUES (592, 25, '10');
INSERT INTO ClassSeats (SeatID, HallClassID, SeatLabel) VALUES (593, 25, '11');
INSERT INTO ClassSeats (SeatID, HallClassID, SeatLabel) VALUES (594, 25, '12');
INSERT INTO ClassSeats (SeatID, HallClassID, SeatLabel) VALUES (595, 25, '13');
INSERT INTO ClassSeats (SeatID, HallClassID, SeatLabel) VALUES (596, 25, '14');
INSERT INTO ClassSeats (SeatID, HallClassID, SeatLabel) VALUES (597, 25, '15');
INSERT INTO ClassSeats (SeatID, HallClassID, SeatLabel) VALUES (598, 25, '16');
INSERT INTO ClassSeats (SeatID, HallClassID, SeatLabel) VALUES (599, 25, '17');
INSERT INTO ClassSeats (SeatID, HallClassID, SeatLabel) VALUES (600, 25, '18');
INSERT INTO ClassSeats (SeatID, HallClassID, SeatLabel) VALUES (601, 25, '19');
INSERT INTO ClassSeats (SeatID, HallClassID, SeatLabel) VALUES (602, 25, '20');
INSERT INTO ClassSeats (SeatID, HallClassID, SeatLabel) VALUES (603, 25, '21');
INSERT INTO ClassSeats (SeatID, HallClassID, SeatLabel) VALUES (604, 25, '22');
INSERT INTO ClassSeats (SeatID, HallClassID, SeatLabel) VALUES (605, 25, '23');
INSERT INTO ClassSeats (SeatID, HallClassID, SeatLabel) VALUES (606, 25, '24');
INSERT INTO ClassSeats (SeatID, HallClassID, SeatLabel) VALUES (607, 25, '25');
INSERT INTO ClassSeats (SeatID, HallClassID, SeatLabel) VALUES (608, 25, '26');
INSERT INTO ClassSeats (SeatID, HallClassID, SeatLabel) VALUES (609, 25, '27');
INSERT INTO ClassSeats (SeatID, HallClassID, SeatLabel) VALUES (610, 26, '1');
INSERT INTO ClassSeats (SeatID, HallClassID, SeatLabel) VALUES (611, 26, '2');
INSERT INTO ClassSeats (SeatID, HallClassID, SeatLabel) VALUES (612, 26, '3');
INSERT INTO ClassSeats (SeatID, HallClassID, SeatLabel) VALUES (613, 26, '4');
INSERT INTO ClassSeats (SeatID, HallClassID, SeatLabel) VALUES (614, 26, '5');
INSERT INTO ClassSeats (SeatID, HallClassID, SeatLabel) VALUES (615, 26, '6');
INSERT INTO ClassSeats (SeatID, HallClassID, SeatLabel) VALUES (616, 26, '7');
INSERT INTO ClassSeats (SeatID, HallClassID, SeatLabel) VALUES (617, 26, '8');
INSERT INTO ClassSeats (SeatID, HallClassID, SeatLabel) VALUES (618, 26, '9');
INSERT INTO ClassSeats (SeatID, HallClassID, SeatLabel) VALUES (619, 26, '10');
INSERT INTO ClassSeats (SeatID, HallClassID, SeatLabel) VALUES (620, 26, '11');
INSERT INTO ClassSeats (SeatID, HallClassID, SeatLabel) VALUES (621, 26, '12');
INSERT INTO ClassSeats (SeatID, HallClassID, SeatLabel) VALUES (622, 26, '13');
INSERT INTO ClassSeats (SeatID, HallClassID, SeatLabel) VALUES (623, 26, '14');
INSERT INTO ClassSeats (SeatID, HallClassID, SeatLabel) VALUES (624, 26, '15');
INSERT INTO ClassSeats (SeatID, HallClassID, SeatLabel) VALUES (625, 26, '16');
INSERT INTO ClassSeats (SeatID, HallClassID, SeatLabel) VALUES (626, 26, '17');
INSERT INTO ClassSeats (SeatID, HallClassID, SeatLabel) VALUES (627, 26, '18');
INSERT INTO ClassSeats (SeatID, HallClassID, SeatLabel) VALUES (628, 26, '19');
INSERT INTO ClassSeats (SeatID, HallClassID, SeatLabel) VALUES (629, 26, '20');
INSERT INTO ClassSeats (SeatID, HallClassID, SeatLabel) VALUES (630, 27, '1');
INSERT INTO ClassSeats (SeatID, HallClassID, SeatLabel) VALUES (631, 27, '2');
INSERT INTO ClassSeats (SeatID, HallClassID, SeatLabel) VALUES (632, 27, '3');
INSERT INTO ClassSeats (SeatID, HallClassID, SeatLabel) VALUES (633, 27, '4');
INSERT INTO ClassSeats (SeatID, HallClassID, SeatLabel) VALUES (634, 27, '5');
INSERT INTO ClassSeats (SeatID, HallClassID, SeatLabel) VALUES (635, 27, '6');
INSERT INTO ClassSeats (SeatID, HallClassID, SeatLabel) VALUES (636, 27, '7');
INSERT INTO ClassSeats (SeatID, HallClassID, SeatLabel) VALUES (637, 27, '8');
INSERT INTO ClassSeats (SeatID, HallClassID, SeatLabel) VALUES (638, 27, '9');
INSERT INTO ClassSeats (SeatID, HallClassID, SeatLabel) VALUES (639, 27, '10');
INSERT INTO ClassSeats (SeatID, HallClassID, SeatLabel) VALUES (640, 27, '11');
INSERT INTO ClassSeats (SeatID, HallClassID, SeatLabel) VALUES (641, 27, '12');
INSERT INTO ClassSeats (SeatID, HallClassID, SeatLabel) VALUES (642, 27, '13');
INSERT INTO ClassSeats (SeatID, HallClassID, SeatLabel) VALUES (643, 27, '14');
INSERT INTO ClassSeats (SeatID, HallClassID, SeatLabel) VALUES (644, 27, '15');
INSERT INTO ClassSeats (SeatID, HallClassID, SeatLabel) VALUES (645, 27, '16');
INSERT INTO ClassSeats (SeatID, HallClassID, SeatLabel) VALUES (646, 27, '17');
INSERT INTO ClassSeats (SeatID, HallClassID, SeatLabel) VALUES (647, 27, '18');
INSERT INTO ClassSeats (SeatID, HallClassID, SeatLabel) VALUES (648, 27, '19');
INSERT INTO ClassSeats (SeatID, HallClassID, SeatLabel) VALUES (649, 27, '20');
INSERT INTO ClassSeats (SeatID, HallClassID, SeatLabel) VALUES (650, 27, '21');
INSERT INTO ClassSeats (SeatID, HallClassID, SeatLabel) VALUES (651, 27, '22');
INSERT INTO ClassSeats (SeatID, HallClassID, SeatLabel) VALUES (652, 27, '23');
INSERT INTO ClassSeats (SeatID, HallClassID, SeatLabel) VALUES (653, 27, '24');
INSERT INTO ClassSeats (SeatID, HallClassID, SeatLabel) VALUES (654, 27, '25');
INSERT INTO ClassSeats (SeatID, HallClassID, SeatLabel) VALUES (655, 27, '26');
INSERT INTO ClassSeats (SeatID, HallClassID, SeatLabel) VALUES (656, 27, '27');
INSERT INTO ClassSeats (SeatID, HallClassID, SeatLabel) VALUES (657, 27, '28');
INSERT INTO ClassSeats (SeatID, HallClassID, SeatLabel) VALUES (658, 27, '29');
INSERT INTO ClassSeats (SeatID, HallClassID, SeatLabel) VALUES (659, 27, '30');
INSERT INTO ClassSeats (SeatID, HallClassID, SeatLabel) VALUES (660, 27, '31');
INSERT INTO ClassSeats (SeatID, HallClassID, SeatLabel) VALUES (661, 27, '32');
INSERT INTO ClassSeats (SeatID, HallClassID, SeatLabel) VALUES (662, 27, '33');
INSERT INTO ClassSeats (SeatID, HallClassID, SeatLabel) VALUES (663, 27, '34');
INSERT INTO ClassSeats (SeatID, HallClassID, SeatLabel) VALUES (664, 28, '1');
INSERT INTO ClassSeats (SeatID, HallClassID, SeatLabel) VALUES (665, 28, '2');
INSERT INTO ClassSeats (SeatID, HallClassID, SeatLabel) VALUES (666, 28, '3');
INSERT INTO ClassSeats (SeatID, HallClassID, SeatLabel) VALUES (667, 28, '4');
INSERT INTO ClassSeats (SeatID, HallClassID, SeatLabel) VALUES (668, 28, '5');
INSERT INTO ClassSeats (SeatID, HallClassID, SeatLabel) VALUES (669, 28, '6');
INSERT INTO ClassSeats (SeatID, HallClassID, SeatLabel) VALUES (670, 29, '1');
INSERT INTO ClassSeats (SeatID, HallClassID, SeatLabel) VALUES (671, 29, '2');
INSERT INTO ClassSeats (SeatID, HallClassID, SeatLabel) VALUES (672, 29, '3');
INSERT INTO ClassSeats (SeatID, HallClassID, SeatLabel) VALUES (673, 30, '1');
INSERT INTO ClassSeats (SeatID, HallClassID, SeatLabel) VALUES (674, 30, '2');
INSERT INTO ClassSeats (SeatID, HallClassID, SeatLabel) VALUES (675, 30, '3');
INSERT INTO ClassSeats (SeatID, HallClassID, SeatLabel) VALUES (676, 30, '4');
INSERT INTO ClassSeats (SeatID, HallClassID, SeatLabel) VALUES (677, 30, '5');
INSERT INTO ClassSeats (SeatID, HallClassID, SeatLabel) VALUES (678, 30, '6');
INSERT INTO ClassSeats (SeatID, HallClassID, SeatLabel) VALUES (679, 30, '7');
INSERT INTO ClassSeats (SeatID, HallClassID, SeatLabel) VALUES (680, 30, '8');
INSERT INTO ClassSeats (SeatID, HallClassID, SeatLabel) VALUES (681, 30, '9');
INSERT INTO ClassSeats (SeatID, HallClassID, SeatLabel) VALUES (682, 30, '10');
INSERT INTO ClassSeats (SeatID, HallClassID, SeatLabel) VALUES (683, 30, '11');
INSERT INTO ClassSeats (SeatID, HallClassID, SeatLabel) VALUES (684, 30, '12');
INSERT INTO ClassSeats (SeatID, HallClassID, SeatLabel) VALUES (685, 30, '13');
INSERT INTO ClassSeats (SeatID, HallClassID, SeatLabel) VALUES (686, 30, '14');
INSERT INTO ClassSeats (SeatID, HallClassID, SeatLabel) VALUES (687, 31, '1');
INSERT INTO ClassSeats (SeatID, HallClassID, SeatLabel) VALUES (688, 31, '2');
INSERT INTO ClassSeats (SeatID, HallClassID, SeatLabel) VALUES (689, 31, '3');
INSERT INTO ClassSeats (SeatID, HallClassID, SeatLabel) VALUES (690, 31, '4');
INSERT INTO ClassSeats (SeatID, HallClassID, SeatLabel) VALUES (691, 31, '5');
INSERT INTO ClassSeats (SeatID, HallClassID, SeatLabel) VALUES (692, 31, '6');
INSERT INTO ClassSeats (SeatID, HallClassID, SeatLabel) VALUES (693, 31, '7');
INSERT INTO ClassSeats (SeatID, HallClassID, SeatLabel) VALUES (694, 31, '8');
INSERT INTO ClassSeats (SeatID, HallClassID, SeatLabel) VALUES (695, 31, '9');
INSERT INTO ClassSeats (SeatID, HallClassID, SeatLabel) VALUES (696, 31, '10');
INSERT INTO ClassSeats (SeatID, HallClassID, SeatLabel) VALUES (697, 31, '11');
INSERT INTO ClassSeats (SeatID, HallClassID, SeatLabel) VALUES (698, 31, '12');
INSERT INTO ClassSeats (SeatID, HallClassID, SeatLabel) VALUES (699, 31, '13');
INSERT INTO ClassSeats (SeatID, HallClassID, SeatLabel) VALUES (700, 31, '14');
INSERT INTO ClassSeats (SeatID, HallClassID, SeatLabel) VALUES (701, 32, '1');
INSERT INTO ClassSeats (SeatID, HallClassID, SeatLabel) VALUES (702, 33, '1');
INSERT INTO ClassSeats (SeatID, HallClassID, SeatLabel) VALUES (703, 33, '2');
INSERT INTO ClassSeats (SeatID, HallClassID, SeatLabel) VALUES (704, 33, '3');
INSERT INTO ClassSeats (SeatID, HallClassID, SeatLabel) VALUES (705, 33, '4');
INSERT INTO ClassSeats (SeatID, HallClassID, SeatLabel) VALUES (706, 33, '5');
INSERT INTO ClassSeats (SeatID, HallClassID, SeatLabel) VALUES (707, 33, '6');
INSERT INTO ClassSeats (SeatID, HallClassID, SeatLabel) VALUES (708, 33, '7');
INSERT INTO ClassSeats (SeatID, HallClassID, SeatLabel) VALUES (709, 33, '8');
INSERT INTO ClassSeats (SeatID, HallClassID, SeatLabel) VALUES (710, 33, '9');
INSERT INTO ClassSeats (SeatID, HallClassID, SeatLabel) VALUES (711, 33, '10');
INSERT INTO ClassSeats (SeatID, HallClassID, SeatLabel) VALUES (712, 33, '11');
INSERT INTO ClassSeats (SeatID, HallClassID, SeatLabel) VALUES (713, 33, '12');
INSERT INTO ClassSeats (SeatID, HallClassID, SeatLabel) VALUES (714, 33, '13');
INSERT INTO ClassSeats (SeatID, HallClassID, SeatLabel) VALUES (715, 33, '14');
INSERT INTO ClassSeats (SeatID, HallClassID, SeatLabel) VALUES (716, 34, '1');
INSERT INTO ClassSeats (SeatID, HallClassID, SeatLabel) VALUES (717, 34, '2');
INSERT INTO ClassSeats (SeatID, HallClassID, SeatLabel) VALUES (718, 34, '3');
INSERT INTO ClassSeats (SeatID, HallClassID, SeatLabel) VALUES (719, 34, '4');
INSERT INTO ClassSeats (SeatID, HallClassID, SeatLabel) VALUES (720, 34, '5');
INSERT INTO ClassSeats (SeatID, HallClassID, SeatLabel) VALUES (721, 34, '6');
INSERT INTO ClassSeats (SeatID, HallClassID, SeatLabel) VALUES (722, 34, '7');
INSERT INTO ClassSeats (SeatID, HallClassID, SeatLabel) VALUES (723, 34, '8');
INSERT INTO ClassSeats (SeatID, HallClassID, SeatLabel) VALUES (724, 34, '9');
INSERT INTO ClassSeats (SeatID, HallClassID, SeatLabel) VALUES (725, 34, '10');
INSERT INTO ClassSeats (SeatID, HallClassID, SeatLabel) VALUES (726, 34, '11');
INSERT INTO ClassSeats (SeatID, HallClassID, SeatLabel) VALUES (727, 34, '12');
INSERT INTO ClassSeats (SeatID, HallClassID, SeatLabel) VALUES (728, 35, '1');
INSERT INTO ClassSeats (SeatID, HallClassID, SeatLabel) VALUES (729, 35, '2');
INSERT INTO ClassSeats (SeatID, HallClassID, SeatLabel) VALUES (730, 35, '3');
INSERT INTO ClassSeats (SeatID, HallClassID, SeatLabel) VALUES (731, 35, '4');
INSERT INTO ClassSeats (SeatID, HallClassID, SeatLabel) VALUES (732, 35, '5');
INSERT INTO ClassSeats (SeatID, HallClassID, SeatLabel) VALUES (733, 35, '6');
INSERT INTO ClassSeats (SeatID, HallClassID, SeatLabel) VALUES (734, 35, '7');
INSERT INTO ClassSeats (SeatID, HallClassID, SeatLabel) VALUES (735, 35, '8');
INSERT INTO ClassSeats (SeatID, HallClassID, SeatLabel) VALUES (736, 35, '9');
INSERT INTO ClassSeats (SeatID, HallClassID, SeatLabel) VALUES (737, 35, '10');
INSERT INTO ClassSeats (SeatID, HallClassID, SeatLabel) VALUES (738, 35, '11');
INSERT INTO ClassSeats (SeatID, HallClassID, SeatLabel) VALUES (739, 35, '12');
INSERT INTO ClassSeats (SeatID, HallClassID, SeatLabel) VALUES (740, 35, '13');
INSERT INTO ClassSeats (SeatID, HallClassID, SeatLabel) VALUES (741, 35, '14');
INSERT INTO ClassSeats (SeatID, HallClassID, SeatLabel) VALUES (742, 35, '15');
INSERT INTO ClassSeats (SeatID, HallClassID, SeatLabel) VALUES (743, 35, '16');
INSERT INTO ClassSeats (SeatID, HallClassID, SeatLabel) VALUES (744, 35, '17');
INSERT INTO ClassSeats (SeatID, HallClassID, SeatLabel) VALUES (745, 35, '18');
INSERT INTO ClassSeats (SeatID, HallClassID, SeatLabel) VALUES (746, 35, '19');
INSERT INTO ClassSeats (SeatID, HallClassID, SeatLabel) VALUES (747, 35, '20');
INSERT INTO ClassSeats (SeatID, HallClassID, SeatLabel) VALUES (748, 35, '21');
INSERT INTO ClassSeats (SeatID, HallClassID, SeatLabel) VALUES (749, 35, '22');
INSERT INTO ClassSeats (SeatID, HallClassID, SeatLabel) VALUES (750, 35, '23');
INSERT INTO ClassSeats (SeatID, HallClassID, SeatLabel) VALUES (751, 35, '24');
INSERT INTO ClassSeats (SeatID, HallClassID, SeatLabel) VALUES (752, 35, '25');
INSERT INTO ClassSeats (SeatID, HallClassID, SeatLabel) VALUES (753, 35, '26');
INSERT INTO ClassSeats (SeatID, HallClassID, SeatLabel) VALUES (754, 36, '1');
INSERT INTO ClassSeats (SeatID, HallClassID, SeatLabel) VALUES (755, 36, '2');
INSERT INTO ClassSeats (SeatID, HallClassID, SeatLabel) VALUES (756, 36, '3');
INSERT INTO ClassSeats (SeatID, HallClassID, SeatLabel) VALUES (757, 36, '4');
INSERT INTO ClassSeats (SeatID, HallClassID, SeatLabel) VALUES (758, 36, '5');
INSERT INTO ClassSeats (SeatID, HallClassID, SeatLabel) VALUES (759, 36, '6');
INSERT INTO ClassSeats (SeatID, HallClassID, SeatLabel) VALUES (760, 36, '7');
INSERT INTO ClassSeats (SeatID, HallClassID, SeatLabel) VALUES (761, 36, '8');
INSERT INTO ClassSeats (SeatID, HallClassID, SeatLabel) VALUES (762, 36, '9');
INSERT INTO ClassSeats (SeatID, HallClassID, SeatLabel) VALUES (763, 36, '10');
INSERT INTO ClassSeats (SeatID, HallClassID, SeatLabel) VALUES (764, 36, '11');
INSERT INTO ClassSeats (SeatID, HallClassID, SeatLabel) VALUES (765, 36, '12');
INSERT INTO ClassSeats (SeatID, HallClassID, SeatLabel) VALUES (766, 36, '13');
INSERT INTO ClassSeats (SeatID, HallClassID, SeatLabel) VALUES (767, 36, '14');
INSERT INTO ClassSeats (SeatID, HallClassID, SeatLabel) VALUES (768, 36, '15');
INSERT INTO ClassSeats (SeatID, HallClassID, SeatLabel) VALUES (769, 36, '16');
INSERT INTO ClassSeats (SeatID, HallClassID, SeatLabel) VALUES (770, 36, '17');
INSERT INTO ClassSeats (SeatID, HallClassID, SeatLabel) VALUES (771, 36, '18');
INSERT INTO ClassSeats (SeatID, HallClassID, SeatLabel) VALUES (772, 36, '19');
INSERT INTO ClassSeats (SeatID, HallClassID, SeatLabel) VALUES (773, 36, '20');
INSERT INTO ClassSeats (SeatID, HallClassID, SeatLabel) VALUES (774, 36, '21');
INSERT INTO ClassSeats (SeatID, HallClassID, SeatLabel) VALUES (775, 36, '22');
INSERT INTO ClassSeats (SeatID, HallClassID, SeatLabel) VALUES (776, 36, '23');
INSERT INTO ClassSeats (SeatID, HallClassID, SeatLabel) VALUES (777, 36, '24');
INSERT INTO ClassSeats (SeatID, HallClassID, SeatLabel) VALUES (778, 36, '25');
INSERT INTO ClassSeats (SeatID, HallClassID, SeatLabel) VALUES (779, 36, '26');
INSERT INTO ClassSeats (SeatID, HallClassID, SeatLabel) VALUES (780, 36, '27');
INSERT INTO ClassSeats (SeatID, HallClassID, SeatLabel) VALUES (781, 36, '28');
INSERT INTO ClassSeats (SeatID, HallClassID, SeatLabel) VALUES (782, 36, '29');
INSERT INTO ClassSeats (SeatID, HallClassID, SeatLabel) VALUES (783, 37, '1');
INSERT INTO ClassSeats (SeatID, HallClassID, SeatLabel) VALUES (784, 37, '2');
INSERT INTO ClassSeats (SeatID, HallClassID, SeatLabel) VALUES (785, 37, '3');
INSERT INTO ClassSeats (SeatID, HallClassID, SeatLabel) VALUES (786, 37, '4');
INSERT INTO ClassSeats (SeatID, HallClassID, SeatLabel) VALUES (787, 37, '5');
INSERT INTO ClassSeats (SeatID, HallClassID, SeatLabel) VALUES (788, 37, '6');
INSERT INTO ClassSeats (SeatID, HallClassID, SeatLabel) VALUES (789, 37, '7');
INSERT INTO ClassSeats (SeatID, HallClassID, SeatLabel) VALUES (790, 37, '8');
INSERT INTO ClassSeats (SeatID, HallClassID, SeatLabel) VALUES (791, 37, '9');
INSERT INTO ClassSeats (SeatID, HallClassID, SeatLabel) VALUES (792, 37, '10');
INSERT INTO ClassSeats (SeatID, HallClassID, SeatLabel) VALUES (793, 37, '11');
INSERT INTO ClassSeats (SeatID, HallClassID, SeatLabel) VALUES (794, 37, '12');
INSERT INTO ClassSeats (SeatID, HallClassID, SeatLabel) VALUES (795, 37, '13');
INSERT INTO ClassSeats (SeatID, HallClassID, SeatLabel) VALUES (796, 37, '14');
INSERT INTO ClassSeats (SeatID, HallClassID, SeatLabel) VALUES (797, 37, '15');
INSERT INTO ClassSeats (SeatID, HallClassID, SeatLabel) VALUES (798, 37, '16');
INSERT INTO ClassSeats (SeatID, HallClassID, SeatLabel) VALUES (799, 37, '17');
INSERT INTO ClassSeats (SeatID, HallClassID, SeatLabel) VALUES (800, 37, '18');
INSERT INTO ClassSeats (SeatID, HallClassID, SeatLabel) VALUES (801, 37, '19');
INSERT INTO ClassSeats (SeatID, HallClassID, SeatLabel) VALUES (802, 37, '20');
INSERT INTO ClassSeats (SeatID, HallClassID, SeatLabel) VALUES (803, 37, '21');
INSERT INTO ClassSeats (SeatID, HallClassID, SeatLabel) VALUES (804, 37, '22');
INSERT INTO ClassSeats (SeatID, HallClassID, SeatLabel) VALUES (805, 37, '23');
INSERT INTO ClassSeats (SeatID, HallClassID, SeatLabel) VALUES (806, 37, '24');
INSERT INTO ClassSeats (SeatID, HallClassID, SeatLabel) VALUES (807, 37, '25');
INSERT INTO ClassSeats (SeatID, HallClassID, SeatLabel) VALUES (808, 37, '26');
INSERT INTO ClassSeats (SeatID, HallClassID, SeatLabel) VALUES (809, 37, '27');
INSERT INTO ClassSeats (SeatID, HallClassID, SeatLabel) VALUES (810, 37, '28');
INSERT INTO ClassSeats (SeatID, HallClassID, SeatLabel) VALUES (811, 37, '29');
INSERT INTO ClassSeats (SeatID, HallClassID, SeatLabel) VALUES (812, 37, '30');
INSERT INTO ClassSeats (SeatID, HallClassID, SeatLabel) VALUES (813, 37, '31');
INSERT INTO ClassSeats (SeatID, HallClassID, SeatLabel) VALUES (814, 37, '32');
INSERT INTO ClassSeats (SeatID, HallClassID, SeatLabel) VALUES (815, 37, '33');
INSERT INTO ClassSeats (SeatID, HallClassID, SeatLabel) VALUES (816, 37, '34');
INSERT INTO ClassSeats (SeatID, HallClassID, SeatLabel) VALUES (817, 38, '1');
INSERT INTO ClassSeats (SeatID, HallClassID, SeatLabel) VALUES (818, 38, '2');
INSERT INTO ClassSeats (SeatID, HallClassID, SeatLabel) VALUES (819, 38, '3');
INSERT INTO ClassSeats (SeatID, HallClassID, SeatLabel) VALUES (820, 38, '4');
INSERT INTO ClassSeats (SeatID, HallClassID, SeatLabel) VALUES (821, 39, '1');
INSERT INTO ClassSeats (SeatID, HallClassID, SeatLabel) VALUES (822, 39, '2');
INSERT INTO ClassSeats (SeatID, HallClassID, SeatLabel) VALUES (823, 39, '3');
INSERT INTO ClassSeats (SeatID, HallClassID, SeatLabel) VALUES (824, 39, '4');
INSERT INTO ClassSeats (SeatID, HallClassID, SeatLabel) VALUES (825, 39, '5');
INSERT INTO ClassSeats (SeatID, HallClassID, SeatLabel) VALUES (826, 39, '6');
INSERT INTO ClassSeats (SeatID, HallClassID, SeatLabel) VALUES (827, 39, '7');
INSERT INTO ClassSeats (SeatID, HallClassID, SeatLabel) VALUES (828, 39, '8');
INSERT INTO ClassSeats (SeatID, HallClassID, SeatLabel) VALUES (829, 39, '9');
INSERT INTO ClassSeats (SeatID, HallClassID, SeatLabel) VALUES (830, 39, '10');
INSERT INTO ClassSeats (SeatID, HallClassID, SeatLabel) VALUES (831, 39, '11');
INSERT INTO ClassSeats (SeatID, HallClassID, SeatLabel) VALUES (832, 39, '12');
INSERT INTO ClassSeats (SeatID, HallClassID, SeatLabel) VALUES (833, 39, '13');
INSERT INTO ClassSeats (SeatID, HallClassID, SeatLabel) VALUES (834, 39, '14');
INSERT INTO ClassSeats (SeatID, HallClassID, SeatLabel) VALUES (835, 40, '1');
INSERT INTO ClassSeats (SeatID, HallClassID, SeatLabel) VALUES (836, 40, '2');
INSERT INTO ClassSeats (SeatID, HallClassID, SeatLabel) VALUES (837, 40, '3');
INSERT INTO ClassSeats (SeatID, HallClassID, SeatLabel) VALUES (838, 40, '4');
INSERT INTO ClassSeats (SeatID, HallClassID, SeatLabel) VALUES (839, 40, '5');
INSERT INTO ClassSeats (SeatID, HallClassID, SeatLabel) VALUES (840, 40, '6');
INSERT INTO ClassSeats (SeatID, HallClassID, SeatLabel) VALUES (841, 40, '7');
INSERT INTO ClassSeats (SeatID, HallClassID, SeatLabel) VALUES (842, 40, '8');
INSERT INTO ClassSeats (SeatID, HallClassID, SeatLabel) VALUES (843, 40, '9');
INSERT INTO ClassSeats (SeatID, HallClassID, SeatLabel) VALUES (844, 40, '10');
INSERT INTO ClassSeats (SeatID, HallClassID, SeatLabel) VALUES (845, 40, '11');
INSERT INTO ClassSeats (SeatID, HallClassID, SeatLabel) VALUES (846, 40, '12');
INSERT INTO ClassSeats (SeatID, HallClassID, SeatLabel) VALUES (847, 40, '13');
INSERT INTO ClassSeats (SeatID, HallClassID, SeatLabel) VALUES (848, 40, '14');
INSERT INTO ClassSeats (SeatID, HallClassID, SeatLabel) VALUES (849, 40, '15');
INSERT INTO ClassSeats (SeatID, HallClassID, SeatLabel) VALUES (850, 40, '16');
INSERT INTO ClassSeats (SeatID, HallClassID, SeatLabel) VALUES (851, 40, '17');
INSERT INTO ClassSeats (SeatID, HallClassID, SeatLabel) VALUES (852, 40, '18');
INSERT INTO ClassSeats (SeatID, HallClassID, SeatLabel) VALUES (853, 40, '19');
INSERT INTO ClassSeats (SeatID, HallClassID, SeatLabel) VALUES (854, 40, '20');
INSERT INTO ClassSeats (SeatID, HallClassID, SeatLabel) VALUES (855, 40, '21');
INSERT INTO ClassSeats (SeatID, HallClassID, SeatLabel) VALUES (856, 40, '22');
INSERT INTO ClassSeats (SeatID, HallClassID, SeatLabel) VALUES (857, 40, '23');
INSERT INTO ClassSeats (SeatID, HallClassID, SeatLabel) VALUES (858, 40, '24');
INSERT INTO ClassSeats (SeatID, HallClassID, SeatLabel) VALUES (859, 40, '25');
INSERT INTO ClassSeats (SeatID, HallClassID, SeatLabel) VALUES (860, 40, '26');
INSERT INTO ClassSeats (SeatID, HallClassID, SeatLabel) VALUES (861, 40, '27');
INSERT INTO ClassSeats (SeatID, HallClassID, SeatLabel) VALUES (862, 40, '28');
INSERT INTO ClassSeats (SeatID, HallClassID, SeatLabel) VALUES (863, 40, '29');
INSERT INTO ClassSeats (SeatID, HallClassID, SeatLabel) VALUES (864, 40, '30');
INSERT INTO ClassSeats (SeatID, HallClassID, SeatLabel) VALUES (865, 40, '31');
INSERT INTO ClassSeats (SeatID, HallClassID, SeatLabel) VALUES (866, 40, '32');
INSERT INTO ClassSeats (SeatID, HallClassID, SeatLabel) VALUES (867, 40, '33');
INSERT INTO ClassSeats (SeatID, HallClassID, SeatLabel) VALUES (868, 40, '34');
INSERT INTO ClassSeats (SeatID, HallClassID, SeatLabel) VALUES (869, 40, '35');
INSERT INTO ClassSeats (SeatID, HallClassID, SeatLabel) VALUES (870, 40, '36');
INSERT INTO ClassSeats (SeatID, HallClassID, SeatLabel) VALUES (871, 40, '37');
INSERT INTO ClassSeats (SeatID, HallClassID, SeatLabel) VALUES (872, 40, '38');
INSERT INTO ClassSeats (SeatID, HallClassID, SeatLabel) VALUES (873, 41, '1');
INSERT INTO ClassSeats (SeatID, HallClassID, SeatLabel) VALUES (874, 41, '2');
INSERT INTO ClassSeats (SeatID, HallClassID, SeatLabel) VALUES (875, 41, '3');
INSERT INTO ClassSeats (SeatID, HallClassID, SeatLabel) VALUES (876, 41, '4');
INSERT INTO ClassSeats (SeatID, HallClassID, SeatLabel) VALUES (877, 41, '5');
INSERT INTO ClassSeats (SeatID, HallClassID, SeatLabel) VALUES (878, 41, '6');
INSERT INTO ClassSeats (SeatID, HallClassID, SeatLabel) VALUES (879, 41, '7');
INSERT INTO ClassSeats (SeatID, HallClassID, SeatLabel) VALUES (880, 41, '8');
INSERT INTO ClassSeats (SeatID, HallClassID, SeatLabel) VALUES (881, 41, '9');
INSERT INTO ClassSeats (SeatID, HallClassID, SeatLabel) VALUES (882, 41, '10');
INSERT INTO ClassSeats (SeatID, HallClassID, SeatLabel) VALUES (883, 41, '11');
INSERT INTO ClassSeats (SeatID, HallClassID, SeatLabel) VALUES (884, 41, '12');
INSERT INTO ClassSeats (SeatID, HallClassID, SeatLabel) VALUES (885, 41, '13');
INSERT INTO ClassSeats (SeatID, HallClassID, SeatLabel) VALUES (886, 41, '14');
INSERT INTO ClassSeats (SeatID, HallClassID, SeatLabel) VALUES (887, 41, '15');
INSERT INTO ClassSeats (SeatID, HallClassID, SeatLabel) VALUES (888, 41, '16');
INSERT INTO ClassSeats (SeatID, HallClassID, SeatLabel) VALUES (889, 41, '17');
INSERT INTO ClassSeats (SeatID, HallClassID, SeatLabel) VALUES (890, 41, '18');
INSERT INTO ClassSeats (SeatID, HallClassID, SeatLabel) VALUES (891, 41, '19');
INSERT INTO ClassSeats (SeatID, HallClassID, SeatLabel) VALUES (892, 41, '20');
INSERT INTO ClassSeats (SeatID, HallClassID, SeatLabel) VALUES (893, 41, '21');
INSERT INTO ClassSeats (SeatID, HallClassID, SeatLabel) VALUES (894, 41, '22');
INSERT INTO ClassSeats (SeatID, HallClassID, SeatLabel) VALUES (895, 41, '23');
INSERT INTO ClassSeats (SeatID, HallClassID, SeatLabel) VALUES (896, 41, '24');
INSERT INTO ClassSeats (SeatID, HallClassID, SeatLabel) VALUES (897, 41, '25');
INSERT INTO ClassSeats (SeatID, HallClassID, SeatLabel) VALUES (898, 41, '26');
INSERT INTO ClassSeats (SeatID, HallClassID, SeatLabel) VALUES (899, 41, '27');
INSERT INTO ClassSeats (SeatID, HallClassID, SeatLabel) VALUES (900, 41, '28');
INSERT INTO ClassSeats (SeatID, HallClassID, SeatLabel) VALUES (901, 41, '29');
INSERT INTO ClassSeats (SeatID, HallClassID, SeatLabel) VALUES (902, 41, '30');
INSERT INTO ClassSeats (SeatID, HallClassID, SeatLabel) VALUES (903, 41, '31');
INSERT INTO ClassSeats (SeatID, HallClassID, SeatLabel) VALUES (904, 41, '32');
INSERT INTO ClassSeats (SeatID, HallClassID, SeatLabel) VALUES (905, 42, '1');
INSERT INTO ClassSeats (SeatID, HallClassID, SeatLabel) VALUES (906, 42, '2');
INSERT INTO ClassSeats (SeatID, HallClassID, SeatLabel) VALUES (907, 42, '3');
INSERT INTO ClassSeats (SeatID, HallClassID, SeatLabel) VALUES (908, 42, '4');
INSERT INTO ClassSeats (SeatID, HallClassID, SeatLabel) VALUES (909, 43, '1');
INSERT INTO ClassSeats (SeatID, HallClassID, SeatLabel) VALUES (910, 43, '2');
INSERT INTO ClassSeats (SeatID, HallClassID, SeatLabel) VALUES (911, 43, '3');
INSERT INTO ClassSeats (SeatID, HallClassID, SeatLabel) VALUES (912, 43, '4');
INSERT INTO ClassSeats (SeatID, HallClassID, SeatLabel) VALUES (913, 43, '5');
INSERT INTO ClassSeats (SeatID, HallClassID, SeatLabel) VALUES (914, 43, '6');
INSERT INTO ClassSeats (SeatID, HallClassID, SeatLabel) VALUES (915, 43, '7');
INSERT INTO ClassSeats (SeatID, HallClassID, SeatLabel) VALUES (916, 43, '8');
INSERT INTO ClassSeats (SeatID, HallClassID, SeatLabel) VALUES (917, 43, '9');
INSERT INTO ClassSeats (SeatID, HallClassID, SeatLabel) VALUES (918, 43, '10');
INSERT INTO ClassSeats (SeatID, HallClassID, SeatLabel) VALUES (919, 43, '11');
INSERT INTO ClassSeats (SeatID, HallClassID, SeatLabel) VALUES (920, 43, '12');
INSERT INTO ClassSeats (SeatID, HallClassID, SeatLabel) VALUES (921, 43, '13');
INSERT INTO ClassSeats (SeatID, HallClassID, SeatLabel) VALUES (922, 43, '14');
INSERT INTO ClassSeats (SeatID, HallClassID, SeatLabel) VALUES (923, 43, '15');
INSERT INTO ClassSeats (SeatID, HallClassID, SeatLabel) VALUES (924, 43, '16');
INSERT INTO ClassSeats (SeatID, HallClassID, SeatLabel) VALUES (925, 43, '17');
INSERT INTO ClassSeats (SeatID, HallClassID, SeatLabel) VALUES (926, 43, '18');
INSERT INTO ClassSeats (SeatID, HallClassID, SeatLabel) VALUES (927, 44, '1');
INSERT INTO ClassSeats (SeatID, HallClassID, SeatLabel) VALUES (928, 44, '2');
INSERT INTO ClassSeats (SeatID, HallClassID, SeatLabel) VALUES (929, 44, '3');
INSERT INTO ClassSeats (SeatID, HallClassID, SeatLabel) VALUES (930, 44, '4');
INSERT INTO ClassSeats (SeatID, HallClassID, SeatLabel) VALUES (931, 44, '5');
INSERT INTO ClassSeats (SeatID, HallClassID, SeatLabel) VALUES (932, 44, '6');
INSERT INTO ClassSeats (SeatID, HallClassID, SeatLabel) VALUES (933, 44, '7');
INSERT INTO ClassSeats (SeatID, HallClassID, SeatLabel) VALUES (934, 44, '8');
INSERT INTO ClassSeats (SeatID, HallClassID, SeatLabel) VALUES (935, 44, '9');
INSERT INTO ClassSeats (SeatID, HallClassID, SeatLabel) VALUES (936, 44, '10');
INSERT INTO ClassSeats (SeatID, HallClassID, SeatLabel) VALUES (937, 44, '11');
INSERT INTO ClassSeats (SeatID, HallClassID, SeatLabel) VALUES (938, 44, '12');
INSERT INTO ClassSeats (SeatID, HallClassID, SeatLabel) VALUES (939, 44, '13');
INSERT INTO ClassSeats (SeatID, HallClassID, SeatLabel) VALUES (940, 44, '14');
INSERT INTO ClassSeats (SeatID, HallClassID, SeatLabel) VALUES (941, 44, '15');
INSERT INTO ClassSeats (SeatID, HallClassID, SeatLabel) VALUES (942, 44, '16');
INSERT INTO ClassSeats (SeatID, HallClassID, SeatLabel) VALUES (943, 44, '17');
INSERT INTO ClassSeats (SeatID, HallClassID, SeatLabel) VALUES (944, 44, '18');
INSERT INTO ClassSeats (SeatID, HallClassID, SeatLabel) VALUES (945, 44, '19');
INSERT INTO ClassSeats (SeatID, HallClassID, SeatLabel) VALUES (946, 44, '20');
INSERT INTO ClassSeats (SeatID, HallClassID, SeatLabel) VALUES (947, 44, '21');
INSERT INTO ClassSeats (SeatID, HallClassID, SeatLabel) VALUES (948, 45, '1');
INSERT INTO ClassSeats (SeatID, HallClassID, SeatLabel) VALUES (949, 46, '1');
INSERT INTO ClassSeats (SeatID, HallClassID, SeatLabel) VALUES (950, 46, '2');
INSERT INTO ClassSeats (SeatID, HallClassID, SeatLabel) VALUES (951, 46, '3');
INSERT INTO ClassSeats (SeatID, HallClassID, SeatLabel) VALUES (952, 46, '4');
INSERT INTO ClassSeats (SeatID, HallClassID, SeatLabel) VALUES (953, 46, '5');
INSERT INTO ClassSeats (SeatID, HallClassID, SeatLabel) VALUES (954, 46, '6');
INSERT INTO ClassSeats (SeatID, HallClassID, SeatLabel) VALUES (955, 46, '7');
INSERT INTO ClassSeats (SeatID, HallClassID, SeatLabel) VALUES (956, 46, '8');
INSERT INTO ClassSeats (SeatID, HallClassID, SeatLabel) VALUES (957, 46, '9');
INSERT INTO ClassSeats (SeatID, HallClassID, SeatLabel) VALUES (958, 46, '10');
INSERT INTO ClassSeats (SeatID, HallClassID, SeatLabel) VALUES (959, 46, '11');
INSERT INTO ClassSeats (SeatID, HallClassID, SeatLabel) VALUES (960, 46, '12');
INSERT INTO ClassSeats (SeatID, HallClassID, SeatLabel) VALUES (961, 46, '13');
INSERT INTO ClassSeats (SeatID, HallClassID, SeatLabel) VALUES (962, 46, '14');
INSERT INTO ClassSeats (SeatID, HallClassID, SeatLabel) VALUES (963, 46, '15');
INSERT INTO ClassSeats (SeatID, HallClassID, SeatLabel) VALUES (964, 46, '16');
INSERT INTO ClassSeats (SeatID, HallClassID, SeatLabel) VALUES (965, 46, '17');
INSERT INTO ClassSeats (SeatID, HallClassID, SeatLabel) VALUES (966, 46, '18');
INSERT INTO ClassSeats (SeatID, HallClassID, SeatLabel) VALUES (967, 46, '19');
INSERT INTO ClassSeats (SeatID, HallClassID, SeatLabel) VALUES (968, 46, '20');
INSERT INTO ClassSeats (SeatID, HallClassID, SeatLabel) VALUES (969, 46, '21');
INSERT INTO ClassSeats (SeatID, HallClassID, SeatLabel) VALUES (970, 46, '22');
INSERT INTO ClassSeats (SeatID, HallClassID, SeatLabel) VALUES (971, 46, '23');
INSERT INTO ClassSeats (SeatID, HallClassID, SeatLabel) VALUES (972, 46, '24');
INSERT INTO ClassSeats (SeatID, HallClassID, SeatLabel) VALUES (973, 46, '25');
INSERT INTO ClassSeats (SeatID, HallClassID, SeatLabel) VALUES (974, 46, '26');
INSERT INTO ClassSeats (SeatID, HallClassID, SeatLabel) VALUES (975, 46, '27');
INSERT INTO ClassSeats (SeatID, HallClassID, SeatLabel) VALUES (976, 46, '28');
INSERT INTO ClassSeats (SeatID, HallClassID, SeatLabel) VALUES (977, 46, '29');
INSERT INTO ClassSeats (SeatID, HallClassID, SeatLabel) VALUES (978, 46, '30');
INSERT INTO ClassSeats (SeatID, HallClassID, SeatLabel) VALUES (979, 46, '31');
INSERT INTO ClassSeats (SeatID, HallClassID, SeatLabel) VALUES (980, 46, '32');
INSERT INTO ClassSeats (SeatID, HallClassID, SeatLabel) VALUES (981, 46, '33');
INSERT INTO ClassSeats (SeatID, HallClassID, SeatLabel) VALUES (982, 47, '1');
INSERT INTO ClassSeats (SeatID, HallClassID, SeatLabel) VALUES (983, 47, '2');
INSERT INTO ClassSeats (SeatID, HallClassID, SeatLabel) VALUES (984, 47, '3');
INSERT INTO ClassSeats (SeatID, HallClassID, SeatLabel) VALUES (985, 47, '4');
INSERT INTO ClassSeats (SeatID, HallClassID, SeatLabel) VALUES (986, 47, '5');
INSERT INTO ClassSeats (SeatID, HallClassID, SeatLabel) VALUES (987, 47, '6');
INSERT INTO ClassSeats (SeatID, HallClassID, SeatLabel) VALUES (988, 47, '7');
INSERT INTO ClassSeats (SeatID, HallClassID, SeatLabel) VALUES (989, 47, '8');
INSERT INTO ClassSeats (SeatID, HallClassID, SeatLabel) VALUES (990, 47, '9');
INSERT INTO ClassSeats (SeatID, HallClassID, SeatLabel) VALUES (991, 47, '10');
INSERT INTO ClassSeats (SeatID, HallClassID, SeatLabel) VALUES (992, 47, '11');
INSERT INTO ClassSeats (SeatID, HallClassID, SeatLabel) VALUES (993, 47, '12');
INSERT INTO ClassSeats (SeatID, HallClassID, SeatLabel) VALUES (994, 47, '13');
INSERT INTO ClassSeats (SeatID, HallClassID, SeatLabel) VALUES (995, 47, '14');
INSERT INTO ClassSeats (SeatID, HallClassID, SeatLabel) VALUES (996, 47, '15');
INSERT INTO ClassSeats (SeatID, HallClassID, SeatLabel) VALUES (997, 47, '16');
INSERT INTO ClassSeats (SeatID, HallClassID, SeatLabel) VALUES (998, 47, '17');
INSERT INTO ClassSeats (SeatID, HallClassID, SeatLabel) VALUES (999, 47, '18');
INSERT INTO ClassSeats (SeatID, HallClassID, SeatLabel) VALUES (1000, 47, '19');
INSERT INTO ClassSeats (SeatID, HallClassID, SeatLabel) VALUES (1001, 47, '20');
INSERT INTO ClassSeats (SeatID, HallClassID, SeatLabel) VALUES (1002, 47, '21');
INSERT INTO ClassSeats (SeatID, HallClassID, SeatLabel) VALUES (1003, 47, '22');
INSERT INTO ClassSeats (SeatID, HallClassID, SeatLabel) VALUES (1004, 47, '23');
INSERT INTO ClassSeats (SeatID, HallClassID, SeatLabel) VALUES (1005, 47, '24');
INSERT INTO ClassSeats (SeatID, HallClassID, SeatLabel) VALUES (1006, 47, '25');
INSERT INTO ClassSeats (SeatID, HallClassID, SeatLabel) VALUES (1007, 47, '26');
INSERT INTO ClassSeats (SeatID, HallClassID, SeatLabel) VALUES (1008, 47, '27');
INSERT INTO ClassSeats (SeatID, HallClassID, SeatLabel) VALUES (1009, 47, '28');
INSERT INTO ClassSeats (SeatID, HallClassID, SeatLabel) VALUES (1010, 47, '29');
INSERT INTO ClassSeats (SeatID, HallClassID, SeatLabel) VALUES (1011, 47, '30');
INSERT INTO ClassSeats (SeatID, HallClassID, SeatLabel) VALUES (1012, 47, '31');
INSERT INTO ClassSeats (SeatID, HallClassID, SeatLabel) VALUES (1013, 47, '32');
INSERT INTO ClassSeats (SeatID, HallClassID, SeatLabel) VALUES (1014, 47, '33');
INSERT INTO ClassSeats (SeatID, HallClassID, SeatLabel) VALUES (1015, 48, '1');
INSERT INTO ClassSeats (SeatID, HallClassID, SeatLabel) VALUES (1016, 48, '2');
INSERT INTO ClassSeats (SeatID, HallClassID, SeatLabel) VALUES (1017, 48, '3');
INSERT INTO ClassSeats (SeatID, HallClassID, SeatLabel) VALUES (1018, 48, '4');
INSERT INTO ClassSeats (SeatID, HallClassID, SeatLabel) VALUES (1019, 48, '5');
INSERT INTO ClassSeats (SeatID, HallClassID, SeatLabel) VALUES (1020, 48, '6');
INSERT INTO ClassSeats (SeatID, HallClassID, SeatLabel) VALUES (1021, 48, '7');
INSERT INTO ClassSeats (SeatID, HallClassID, SeatLabel) VALUES (1022, 48, '8');
INSERT INTO ClassSeats (SeatID, HallClassID, SeatLabel) VALUES (1023, 48, '9');
INSERT INTO ClassSeats (SeatID, HallClassID, SeatLabel) VALUES (1024, 48, '10');
INSERT INTO ClassSeats (SeatID, HallClassID, SeatLabel) VALUES (1025, 48, '11');
INSERT INTO ClassSeats (SeatID, HallClassID, SeatLabel) VALUES (1026, 48, '12');
--
INSERT INTO Tickets (TicketID, HallClassID, ScheduleID) VALUES ("e192a0b2-fd48-45ed-b19c-15c24f698ccd", 12, 78);
INSERT INTO Tickets (TicketID, HallClassID, ScheduleID) VALUES ("f343befb-c091-4b05-bf83-b274856c6871", 35, 242);
INSERT INTO Tickets (TicketID, HallClassID, ScheduleID) VALUES ("416c236c-db7b-4c9b-8946-7dbaf39b30a8", 33, 228);
INSERT INTO Tickets (TicketID, HallClassID, ScheduleID) VALUES ("399a40b0-7057-40b7-b79d-4a37abd5d6c5", 24, 162);
INSERT INTO Tickets (TicketID, HallClassID, ScheduleID) VALUES ("a62ffcd5-b26f-427f-9459-e11e7b501dc7", 6, 36);
INSERT INTO Tickets (TicketID, HallClassID, ScheduleID) VALUES ("c871b34c-b571-4474-b9d6-0313fa8c46de", 17, 117);
INSERT INTO Tickets (TicketID, HallClassID, ScheduleID) VALUES ("7b900a72-96fe-4e51-94fc-38082ab10642", 41, 285);
--
INSERT INTO ticketrows (RowID, TicketID, SeatID) VALUES (1, "e192a0b2-fd48-45ed-b19c-15c24f698ccd", 304);
INSERT INTO ticketrows (RowID, TicketID, SeatID) VALUES (2, "f343befb-c091-4b05-bf83-b274856c6871", 734);
INSERT INTO ticketrows (RowID, TicketID, SeatID) VALUES (3, "f343befb-c091-4b05-bf83-b274856c6871", 735);
INSERT INTO ticketrows (RowID, TicketID, SeatID) VALUES (4, "f343befb-c091-4b05-bf83-b274856c6871", 736);
INSERT INTO ticketrows (RowID, TicketID, SeatID) VALUES (5, "416c236c-db7b-4c9b-8946-7dbaf39b30a8", 708);
INSERT INTO ticketrows (RowID, TicketID, SeatID) VALUES (6, "416c236c-db7b-4c9b-8946-7dbaf39b30a8", 709);
INSERT INTO ticketrows (RowID, TicketID, SeatID) VALUES (7, "399a40b0-7057-40b7-b79d-4a37abd5d6c5", 561);
INSERT INTO ticketrows (RowID, TicketID, SeatID) VALUES (8, "a62ffcd5-b26f-427f-9459-e11e7b501dc7", 160);
INSERT INTO ticketrows (RowID, TicketID, SeatID) VALUES (9, "c871b34c-b571-4474-b9d6-0313fa8c46de", 401);
INSERT INTO ticketrows (RowID, TicketID, SeatID) VALUES (10, "c871b34c-b571-4474-b9d6-0313fa8c46de", 402);
INSERT INTO ticketrows (RowID, TicketID, SeatID) VALUES (11, "c871b34c-b571-4474-b9d6-0313fa8c46de", 403);
INSERT INTO ticketrows (RowID, TicketID, SeatID) VALUES (12, "7b900a72-96fe-4e51-94fc-38082ab10642", 894);

